Player,Team,Week,Pass Completion Percentage,Passes Completed,Passes Attempted,Passing Yards,Passing Touchdowns,Interceptions,Sacks Taken,Yards Per Attempt,Fantasy Position,Year
Patrick Mahomes,KAN,1,76.9,30,39,360,5,0,0,9.2,QB,2022.0
Justin Herbert,LAC,1,76.5,26,34,279,3,0,0,8.2,QB,
Geno Smith,SEA,1,82.1,23,28,195,2,0,2,7.0,QB,
Kirk Cousins,MIN,1,71.9,23,32,277,2,0,1,8.7,QB,
Jordan Love,GNB,1,80.0,4,5,65,0,0,0,13.0,QB,
Daniel Jones,NYG,1,81.0,17,21,188,2,1,5,9.0,QB,
Josh Allen,BUF,1,83.9,26,31,297,3,2,2,9.6,QB,
Jameis Winston,NOR,1,67.6,23,34,269,2,0,4,7.9,QB,
Ryan Tannehill,TEN,1,60.6,20,33,266,2,0,1,8.1,QB,
Tua Tagovailoa,MIA,1,69.7,23,33,270,1,0,3,8.2,QB,
Russell Wilson,DEN,1,69.0,29,42,340,1,0,2,8.1,QB,
Carson Wentz,WAS,1,65.9,27,41,313,4,2,1,7.6,QB,
Kyler Murray,ARI,1,64.7,22,34,193,2,0,2,5.7,QB,
Davis Mills,HOU,1,62.2,23,37,240,2,0,3,6.5,QB,
Lamar Jackson,BAL,1,56.7,17,30,213,3,1,2,7.1,QB,
Tom Brady,TAM,1,66.7,18,27,212,1,1,2,7.9,QB,
Mac Jones,NWE,1,70.0,21,30,213,1,1,2,7.1,QB,
Justin Fields,CHI,1,47.1,8,17,121,2,1,2,7.1,QB,
Baker Mayfield,CAR,1,59.3,16,27,235,1,1,4,8.7,QB,
Matt Ryan,IND,1,64.0,32,50,352,1,1,2,7.0,QB,
Jalen Hurts,PHI,1,56.3,18,32,243,0,0,1,7.6,QB,
Jared Goff,DET,1,56.8,21,37,215,2,1,1,5.8,QB,
Marcus Mariota,ATL,1,60.6,20,33,215,0,0,0,6.5,QB,
Mitchell Trubisky,PIT,1,55.3,21,38,194,1,0,1,5.1,QB,
Trevor Lawrence,JAX,1,57.1,24,42,275,1,1,2,6.5,QB,
Joe Flacco,NYJ,1,62.7,37,59,309,1,1,3,5.2,QB,
Jacoby Brissett,CLE,1,52.9,18,34,147,1,0,1,4.3,QB,
Derek Carr,LVR,1,59.5,22,37,295,2,3,5,8.0,QB,
Aaron Rodgers,GNB,1,64.7,22,34,195,0,1,4,5.7,QB,
Cooper Rush,DAL,1,53.8,7,13,64,0,0,2,4.9,QB,
Matthew Stafford,LAR,1,70.7,29,41,240,1,3,7,5.9,QB,
Joe Burrow,CIN,1,62.3,33,53,338,2,4,7,6.4,QB,
Trace McSorley,ARI,1,50.0,2,4,12,0,0,1,3.0,QB,
Trey Lance,SFO,1,46.4,13,28,164,0,1,2,5.9,QB,
Dak Prescott,DAL,1,48.3,14,29,134,0,1,2,4.6,QB,
Lamar Jackson,BAL,2,72.4,21,29,318,3,0,0,11.0,QB,
Aaron Rodgers,GNB,2,76.0,19,25,234,2,0,3,9.4,QB,
Josh Allen,BUF,2,68.4,26,38,317,4,0,1,8.3,QB,
Tua Tagovailoa,MIA,2,72.0,36,50,469,6,2,1,9.4,QB,
Jared Goff,DET,2,58.8,20,34,256,4,0,3,7.5,QB,
Trevor Lawrence,JAX,2,83.3,25,30,235,2,0,0,7.8,QB,
Joe Flacco,NYJ,2,59.1,26,44,307,4,0,2,7.0,QB,
Jalen Hurts,PHI,2,83.9,26,31,333,1,1,3,10.7,QB,
Patrick Mahomes,KAN,2,68.6,24,35,235,2,0,1,6.7,QB,
Matthew Stafford,LAR,2,75.0,27,36,272,3,2,1,7.6,QB,
Justin Herbert,LAC,2,68.8,33,48,334,3,1,2,7.0,QB,
Jimmy Garoppolo,SFO,2,61.9,13,21,154,1,0,1,7.3,QB,
Carson Wentz,WAS,2,65.2,30,46,337,3,1,5,7.3,QB,
Derek Carr,LVR,2,64.1,25,39,252,2,0,1,6.5,QB,
Trey Lance,SFO,2,66.7,2,3,30,0,0,0,10.0,QB,
Jacoby Brissett,CLE,2,81.5,22,27,229,1,1,1,8.5,QB,
Cooper Rush,DAL,2,61.3,19,31,235,1,0,1,7.6,QB,
Joe Burrow,CIN,2,66.7,24,36,199,1,0,6,5.5,QB,
Daniel Jones,NYG,2,64.7,22,34,176,1,0,3,5.2,QB,
Marcus Mariota,ATL,2,65.4,17,26,196,2,2,3,7.5,QB,
Geno Smith,SEA,2,80.0,24,30,197,0,1,2,6.6,QB,
Mac Jones,NWE,2,60.0,21,35,252,1,1,0,7.2,QB,
Tom Brady,TAM,2,52.9,18,34,190,1,0,1,5.6,QB,
Kyler Murray,ARI,2,63.3,31,49,277,1,1,1,5.7,QB,
Baker Mayfield,CAR,2,48.3,14,29,145,1,0,2,5.0,QB,
Mitchell Trubisky,PIT,2,63.6,21,33,168,1,1,3,5.1,QB,
Russell Wilson,DEN,2,45.2,14,31,219,1,1,3,7.1,QB,
Davis Mills,HOU,2,50.0,19,38,177,0,0,3,4.7,QB,
Jameis Winston,NOR,2,62.5,25,40,236,1,3,6,5.9,QB,
Kirk Cousins,MIN,2,58.7,27,46,221,1,3,2,4.8,QB,
Justin Fields,CHI,2,63.6,7,11,70,0,1,3,6.4,QB,
Case Keenum,BUF,2,0.0,0,2,0,0,0,0,0.0,QB,
Malik Willis,TEN,2,25.0,1,4,6,0,0,0,1.5,QB,
Matt Ryan,IND,2,53.3,16,30,195,0,3,5,6.5,QB,
Ryan Tannehill,TEN,2,55.0,11,20,117,0,2,2,5.9,QB,
Tua Tagovailoa,MIA,3,72.2,13,18,186,1,0,1,10.3,QB,
Jalen Hurts,PHI,3,62.9,22,35,340,3,0,3,9.7,QB,
Trevor Lawrence,JAX,3,71.8,28,39,262,3,0,0,6.7,QB,
Joe Burrow,CIN,3,63.9,23,36,275,3,0,2,7.6,QB,
Lamar Jackson,BAL,3,62.1,18,29,218,4,1,4,7.5,QB,
Jacoby Brissett,CLE,3,67.7,21,31,220,2,0,2,7.1,QB,
Matt Ryan,IND,3,73.0,27,37,222,2,0,5,6.0,QB,
Aaron Rodgers,GNB,3,77.1,27,35,255,2,1,1,7.3,QB,
Matthew Stafford,LAR,3,72.0,18,25,249,0,0,1,10.0,QB,
Marcus Mariota,ATL,3,65.0,13,20,229,1,1,3,11.5,QB,
Geno Smith,SEA,3,72.7,32,44,325,2,1,2,7.4,QB,
Tom Brady,TAM,3,73.8,31,42,271,1,0,3,6.5,QB,
Ryan Tannehill,TEN,3,70.4,19,27,264,1,1,1,9.8,QB,
Cooper Rush,DAL,3,67.7,21,31,215,1,0,0,6.9,QB,
Josh Allen,BUF,3,66.7,42,63,400,2,0,4,6.3,QB,
Kirk Cousins,MIN,3,58.5,24,41,260,2,0,1,6.3,QB,
Derek Carr,LVR,3,59.1,26,44,303,2,1,1,6.9,QB,
Baker Mayfield,CAR,3,48.0,12,25,170,1,0,3,6.8,QB,
Jimmy Garoppolo,SFO,3,62.1,18,29,211,1,1,4,7.3,QB,
Mitchell Trubisky,PIT,3,62.5,20,32,207,0,0,1,6.5,QB,
Jared Goff,DET,3,61.0,25,41,277,1,1,0,6.8,QB,
Patrick Mahomes,KAN,3,57.1,20,35,262,1,1,1,7.5,QB,
Kyler Murray,ARI,3,63.8,37,58,314,0,0,2,5.4,QB,
Jameis Winston,NOR,3,61.0,25,41,353,1,2,1,8.6,QB,
Russell Wilson,DEN,3,60.6,20,33,184,0,0,4,5.6,QB,
Justin Herbert,LAC,3,55.6,25,45,297,1,1,1,6.6,QB,
Carson Wentz,WAS,3,58.1,25,43,211,0,0,9,4.9,QB,
Davis Mills,HOU,3,62.5,20,32,245,1,2,1,7.7,QB,
Mac Jones,NWE,3,68.8,22,32,321,0,3,3,10.0,QB,
Daniel Jones,NYG,3,54.1,20,37,196,0,1,5,5.3,QB,
Joe Flacco,NYJ,3,53.8,28,52,285,0,2,4,5.5,QB,
Teddy Bridgewater,MIA,3,0.0,0,2,0,0,0,1,0.0,QB,
Justin Fields,CHI,3,47.1,8,17,106,0,2,5,6.2,QB,
Geno Smith,SEA,4,76.7,23,30,320,2,0,0,10.7,QB,
Ryan Tannehill,TEN,4,81.0,17,21,137,2,0,3,6.5,QB,
Russell Wilson,DEN,4,68.0,17,25,237,2,0,3,9.5,QB,
Jared Goff,DET,4,66.7,26,39,378,4,1,1,9.7,QB,
Joe Burrow,CIN,4,64.5,20,31,287,2,0,1,9.3,QB,
Tom Brady,TAM,4,75.0,39,52,385,3,0,1,7.4,QB,
Justin Herbert,LAC,4,69.2,27,39,340,2,0,1,8.7,QB,
Matt Ryan,IND,4,73.0,27,37,356,2,1,3,9.6,QB,
Andy Dalton,NOR,4,71.4,20,28,236,1,0,2,8.4,QB,
Cooper Rush,DAL,4,55.6,15,27,223,2,0,1,8.3,QB,
Bailey Zappe,NWE,4,66.7,10,15,99,1,0,3,6.6,QB,
Jimmy Garoppolo,SFO,4,59.3,16,27,239,1,0,0,8.9,QB,
Patrick Mahomes,KAN,4,62.2,23,37,249,3,1,3,6.7,QB,
Kyler Murray,ARI,4,71.9,23,32,207,2,1,1,6.5,QB,
Brian Hoyer,NWE,4,83.3,5,6,37,0,0,1,6.2,QB,
Aaron Rodgers,GNB,4,60.0,21,35,251,2,1,1,7.2,QB,
Davis Mills,HOU,4,74.3,26,35,246,2,2,4,7.0,QB,
Kirk Cousins,MIN,4,65.8,25,38,273,1,1,3,7.2,QB,
Trevor Lawrence,JAX,4,47.8,11,23,174,2,1,4,7.6,QB,
Teddy Bridgewater,MIA,4,60.9,14,23,193,1,1,0,8.4,QB,
Justin Fields,CHI,4,50.0,11,22,174,0,0,6,7.9,QB,
Derek Carr,LVR,4,61.8,21,34,188,0,0,2,5.5,QB,
Daniel Jones,NYG,4,61.5,8,13,71,0,0,1,5.5,QB,
Jalen Hurts,PHI,4,64.0,16,25,204,0,1,2,8.2,QB,
Matthew Stafford,LAR,4,66.7,32,48,254,0,1,7,5.3,QB,
Josh Allen,BUF,4,52.8,19,36,213,1,1,1,5.9,QB,
Jacoby Brissett,CLE,4,60.0,21,35,234,0,1,1,6.7,QB,
Kenny Pickett,PIT,4,76.9,10,13,120,0,3,0,9.2,QB,
Lamar Jackson,BAL,4,69.0,20,29,144,1,2,2,5.0,QB,
Baker Mayfield,CAR,4,61.1,22,36,197,1,2,2,5.5,QB,
Zach Wilson,NYJ,4,50.0,18,36,252,1,2,1,7.0,QB,
Carson Wentz,WAS,4,59.5,25,42,170,1,2,2,4.0,QB,
Tua Tagovailoa,MIA,4,57.1,8,14,110,0,1,1,7.9,QB,
Mitchell Trubisky,PIT,4,53.8,7,13,84,0,1,3,6.5,QB,
Marcus Mariota,ATL,4,36.8,7,19,139,0,1,1,7.3,QB,
Tyrod Taylor,NYG,4,33.3,1,3,11,0,1,0,3.7,QB,
Geno Smith,SEA,5,64.0,16,25,268,3,0,3,10.7,QB,
Josh Allen,BUF,5,64.5,20,31,424,4,1,0,13.7,QB,
Justin Fields,CHI,5,71.4,15,21,208,1,0,2,9.9,QB,
Patrick Mahomes,KAN,5,67.4,29,43,292,4,0,3,6.8,QB,
Derek Carr,LVR,5,63.3,19,30,241,2,0,2,8.0,QB,
Jimmy Garoppolo,SFO,5,60.0,18,30,253,2,0,2,8.4,QB,
P.J. Walker,CAR,5,83.3,5,6,60,0,0,2,10.0,QB,
Carson Wentz,WAS,5,65.8,25,38,359,2,1,3,9.4,QB,
Daniel Jones,NYG,5,77.8,21,27,217,0,0,1,8.0,QB,
Bailey Zappe,NWE,5,81.0,17,21,188,1,1,0,9.0,QB,
Zach Wilson,NYJ,5,66.7,14,21,210,0,0,2,10.0,QB,
Aaron Rodgers,GNB,5,64.1,25,39,222,2,0,2,5.7,QB,
Ryan Tannehill,TEN,5,60.0,15,25,181,1,0,5,7.2,QB,
Kirk Cousins,MIN,5,78.0,32,41,296,1,1,1,7.2,QB,
Justin Herbert,LAC,5,64.7,22,34,228,1,0,1,6.7,QB,
Tom Brady,TAM,5,67.3,35,52,351,1,0,0,6.8,QB,
Jalen Hurts,PHI,5,72.2,26,36,239,0,0,2,6.6,QB,
Andy Dalton,NOR,5,66.7,16,24,187,1,1,1,7.8,QB,
Marcus Mariota,ATL,5,56.0,14,25,147,1,0,5,5.9,QB,
Matthew Stafford,LAR,5,66.7,28,42,308,1,1,5,7.3,QB,
Joe Burrow,CIN,5,68.6,24,35,217,1,1,2,6.2,QB,
Davis Mills,HOU,5,66.7,16,24,140,0,0,1,5.8,QB,
Cooper Rush,DAL,5,62.5,10,16,102,0,0,3,6.4,QB,
Kyler Murray,ARI,5,66.7,28,42,250,1,1,1,6.0,QB,
Jacoby Brissett,CLE,5,61.8,21,34,230,1,1,0,6.8,QB,
Kenny Pickett,PIT,5,65.4,34,52,327,0,1,3,6.3,QB,
Lamar Jackson,BAL,5,59.4,19,32,174,1,1,1,5.4,QB,
Jared Goff,DET,5,54.3,19,35,229,0,1,2,6.5,QB,
Baker Mayfield,CAR,5,55.6,20,36,215,0,1,4,6.0,QB,
Matt Ryan,IND,5,63.4,26,41,251,0,2,6,6.1,QB,
Skylar Thompson,MIA,5,57.6,19,33,166,0,1,2,5.0,QB,
Russell Wilson,DEN,5,53.8,21,39,274,0,2,4,7.0,QB,
Trevor Lawrence,JAX,5,53.2,25,47,286,0,2,0,6.1,QB,
Case Keenum,BUF,5,40.0,2,5,8,0,0,0,1.6,QB,
Teddy Bridgewater,MIA,5,0.0,0,1,0,0,0,0,0.0,QB,
Marcus Mariota,ATL,6,92.9,13,14,129,2,0,2,9.2,QB,
Mitchell Trubisky,PIT,6,75.0,9,12,144,1,0,1,12.0,QB,
Joe Burrow,CIN,6,75.7,28,37,300,3,0,3,8.1,QB,
Bailey Zappe,NWE,6,70.6,24,34,309,2,0,2,9.1,QB,
Josh Allen,BUF,6,67.5,27,40,329,3,0,1,8.2,QB,
Trevor Lawrence,JAX,6,90.9,20,22,165,1,0,4,7.5,QB,
Daniel Jones,NYG,6,70.4,19,27,173,2,0,4,6.4,QB,
Matt Ryan,IND,6,72.4,42,58,389,3,0,0,6.7,QB,
Jalen Hurts,PHI,6,60.0,15,25,155,2,0,4,6.2,QB,
Kirk Cousins,MIN,6,66.7,20,30,175,2,0,3,5.8,QB,
Matthew Stafford,LAR,6,78.8,26,33,253,1,1,1,7.7,QB,
Teddy Bridgewater,MIA,6,67.6,23,34,329,2,2,5,9.7,QB,
Aaron Rodgers,GNB,6,63.4,26,41,246,1,0,4,6.0,QB,
Tom Brady,TAM,6,62.5,25,40,243,1,0,2,6.1,QB,
Jimmy Garoppolo,SFO,6,70.7,29,41,296,2,2,0,7.2,QB,
Kenny Pickett,PIT,6,61.1,11,18,67,1,0,1,3.7,QB,
Russell Wilson,DEN,6,53.6,15,28,188,1,0,4,6.7,QB,
Patrick Mahomes,KAN,6,62.5,25,40,338,2,2,3,8.5,QB,
Geno Smith,SEA,6,64.5,20,31,197,0,0,5,6.4,QB,
Andy Dalton,NOR,6,53.1,17,32,162,1,0,1,5.1,QB,
Skylar Thompson,MIA,6,53.8,7,13,89,0,0,1,6.8,QB,
Zach Wilson,NYJ,6,55.6,10,18,110,0,0,2,6.1,QB,
Justin Fields,CHI,6,51.9,14,27,190,1,1,5,7.0,QB,
Lamar Jackson,BAL,6,53.1,17,32,210,1,1,2,6.6,QB,
P.J. Walker,CAR,6,62.5,10,16,60,0,0,2,3.8,QB,
Kyler Murray,ARI,6,62.2,23,37,222,0,1,6,6.0,QB,
Justin Herbert,LAC,6,64.9,37,57,238,0,1,2,4.2,QB,
Carson Wentz,WAS,6,54.5,12,22,99,0,0,3,4.5,QB,
Jacob Eason,CAR,6,60.0,3,5,59,0,1,0,11.8,QB,
Jordan Love,GNB,6,50.0,2,4,8,0,0,0,2.0,QB,
Jacoby Brissett,CLE,6,46.7,21,45,266,1,2,4,5.9,QB,
Cooper Rush,DAL,6,47.4,18,38,181,1,3,0,4.8,QB,
Joe Burrow,CIN,7,81.0,34,42,481,3,0,3,11.5,QB,
Patrick Mahomes,KAN,7,73.5,25,34,423,3,1,1,12.4,QB,
P.J. Walker,CAR,7,72.7,16,22,177,2,0,1,8.0,QB,
Marcus Mariota,ATL,7,61.5,8,13,124,1,0,3,9.5,QB,
Derek Carr,LVR,7,77.8,21,27,241,1,0,1,8.9,QB,
Dak Prescott,DAL,7,76.0,19,25,207,1,0,2,8.3,QB,
Jacoby Brissett,CLE,7,81.5,22,27,258,0,0,5,9.6,QB,
Geno Smith,SEA,7,74.1,20,27,210,2,1,2,7.8,QB,
Kyler Murray,ARI,7,69.0,20,29,204,1,0,2,7.0,QB,
Jimmy Garoppolo,SFO,7,67.6,25,37,303,2,1,5,8.2,QB,
Aaron Rodgers,GNB,7,65.7,23,35,194,2,0,0,5.5,QB,
Davis Mills,HOU,7,68.3,28,41,302,2,1,1,7.4,QB,
Daniel Jones,NYG,7,63.3,19,30,202,1,0,1,6.7,QB,
Tua Tagovailoa,MIA,7,60.0,21,35,261,1,0,0,7.5,QB,
Andy Dalton,NOR,7,63.8,30,47,361,4,3,0,7.7,QB,
Taylor Heinicke,WAS,7,60.6,20,33,201,2,1,1,6.1,QB,
Justin Fields,CHI,7,61.9,13,21,179,1,1,4,8.5,QB,
Justin Herbert,LAC,7,64.7,33,51,293,2,1,3,5.7,QB,
Ryan Tannehill,TEN,7,65.0,13,20,132,0,0,2,6.6,QB,
Tom Brady,TAM,7,65.3,32,49,290,0,0,1,5.9,QB,
Lamar Jackson,BAL,7,56.3,9,16,120,0,0,3,7.5,QB,
Matt Ryan,IND,7,75.0,33,44,243,1,2,3,5.5,QB,
Trevor Lawrence,JAX,7,51.2,22,43,310,0,0,0,7.2,QB,
Zach Wilson,NYJ,7,61.5,16,26,121,0,0,3,4.7,QB,
Jared Goff,DET,7,80.8,21,26,228,0,2,5,8.8,QB,
Bailey Zappe,NWE,7,63.6,14,22,185,1,2,1,8.4,QB,
Kenny Pickett,PIT,7,72.7,32,44,257,1,3,2,5.8,QB,
Brett Rypien,DEN,7,52.2,24,46,225,0,1,1,4.9,QB,
Chad Henne,KAN,7,0.0,0,2,0,0,0,0,0.0,QB,
Brock Purdy,SFO,7,44.4,4,9,66,0,1,0,7.3,QB,
Mac Jones,NWE,7,50.0,3,6,13,0,1,0,2.2,QB,
Jalen Hurts,PHI,8,67.9,19,28,285,4,0,3,10.2,QB,
Tua Tagovailoa,MIA,8,80.6,29,36,382,3,0,2,10.6,QB,
Jacoby Brissett,CLE,8,77.3,17,22,278,1,0,2,12.6,QB,
Jimmy Garoppolo,SFO,8,84.0,21,25,235,2,0,3,9.4,QB,
Justin Fields,CHI,8,73.9,17,23,151,2,0,4,6.6,QB,
Andy Dalton,NOR,8,73.3,22,30,229,2,0,0,7.6,QB,
Dak Prescott,DAL,8,77.8,21,27,250,2,1,1,9.3,QB,
Jared Goff,DET,8,73.0,27,37,321,1,0,1,8.7,QB,
Marcus Mariota,ATL,8,71.4,20,28,253,3,2,2,9.0,QB,
Lamar Jackson,BAL,8,71.1,27,38,238,2,0,3,6.3,QB,
Geno Smith,SEA,8,67.6,23,34,212,2,0,3,6.2,QB,
Kirk Cousins,MIN,8,66.7,24,36,232,2,0,3,6.4,QB,
Sam Ehlinger,IND,8,73.9,17,23,201,0,0,2,8.7,QB,
Taylor Heinicke,WAS,8,74.2,23,31,279,1,1,2,9.0,QB,
Joe Burrow,CIN,8,71.4,25,35,232,2,1,5,6.6,QB,
Kyler Murray,ARI,8,70.5,31,44,326,3,2,4,7.4,QB,
Gardner Minshew II,PHI,8,50.0,1,2,23,0,0,0,11.5,QB,
Aaron Rodgers,GNB,8,63.3,19,30,203,2,1,2,6.8,QB,
Matthew Stafford,LAR,8,66.7,22,33,187,1,0,2,5.7,QB,
Tom Brady,TAM,8,59.1,26,44,325,1,0,3,7.4,QB,
Trevor Siemian,CHI,8,100.0,1,1,5,0,0,0,5.0,QB,
Russell Wilson,DEN,8,60.0,18,30,252,1,1,3,8.4,QB,
P.J. Walker,CAR,8,52.8,19,36,317,1,1,1,8.8,QB,
Mac Jones,NWE,8,68.6,24,35,194,1,1,6,5.5,QB,
Jarrett Stidham,LVR,8,61.5,8,13,72,0,0,1,5.5,QB,
Josh Allen,BUF,8,52.0,13,25,218,2,2,2,8.7,QB,
Daniel Jones,NYG,8,54.8,17,31,176,0,0,5,5.7,QB,
Davis Mills,HOU,8,58.6,17,29,152,1,1,3,5.2,QB,
Kenny Pickett,PIT,8,65.8,25,38,191,0,1,6,5.0,QB,
Zach Wilson,NYJ,8,48.8,20,41,355,2,3,2,8.7,QB,
Trevor Lawrence,JAX,8,58.1,18,31,133,1,2,2,4.3,QB,
Derek Carr,LVR,8,57.7,15,26,101,0,1,3,3.9,QB,
Malik Willis,TEN,8,60.0,6,10,55,0,1,3,5.5,QB,
Tua Tagovailoa,MIA,9,70.0,21,30,302,3,0,0,10.1,QB,
Jalen Hurts,PHI,9,77.8,21,27,243,2,0,4,9.0,QB,
Baker Mayfield,CAR,9,70.0,14,20,155,2,0,0,7.8,QB,
Joe Burrow,CIN,9,78.6,22,28,206,1,0,1,7.4,QB,
Trevor Lawrence,JAX,9,80.6,25,31,235,1,0,0,7.6,QB,
Geno Smith,SEA,9,76.5,26,34,275,2,1,2,8.1,QB,
Justin Fields,CHI,9,60.7,17,28,123,3,0,2,4.4,QB,
Kyler Murray,ARI,9,71.4,25,35,175,2,0,5,5.0,QB,
Zach Wilson,NYJ,9,72.0,18,25,154,1,0,2,6.2,QB,
Derek Carr,LVR,9,58.3,21,36,259,2,0,2,7.2,QB,
Brandon Allen,CIN,9,100.0,3,3,22,0,0,1,7.3,QB,
Mac Jones,NWE,9,66.7,20,30,147,1,0,4,4.9,QB,
Lamar Jackson,BAL,9,54.5,12,22,133,1,0,3,6.0,QB,
Andy Dalton,NOR,9,65.5,19,29,210,1,1,4,7.2,QB,
Justin Herbert,LAC,9,69.8,30,43,245,1,1,0,5.7,QB,
Kirk Cousins,MIN,9,55.0,22,40,265,2,1,2,6.6,QB,
Patrick Mahomes,KAN,9,63.2,43,68,446,1,1,4,6.6,QB,
Matthew Stafford,LAR,9,48.1,13,27,165,1,0,4,6.1,QB,
Tom Brady,TAM,9,62.1,36,58,280,1,0,1,4.8,QB,
Nick Mullens,MIN,9,100.0,1,1,-3,0,0,0,-3.0,QB,
Jared Goff,DET,9,53.8,14,26,137,2,1,0,5.3,QB,
Taylor Heinicke,WAS,9,53.6,15,28,149,2,1,3,5.3,QB,
Davis Mills,HOU,9,59.1,13,22,154,2,2,3,7.0,QB,
Marcus Mariota,ATL,9,52.2,12,23,129,0,0,2,5.6,QB,
Aaron Rodgers,GNB,9,53.5,23,43,291,1,3,1,6.8,QB,
Malik Willis,TEN,9,31.3,5,16,80,0,0,3,5.0,QB,
Josh Allen,BUF,9,52.9,18,34,205,0,2,5,6.0,QB,
Sam Ehlinger,IND,9,51.7,15,29,103,0,1,9,3.6,QB,
P.J. Walker,CAR,9,30.0,3,10,9,0,2,0,0.9,QB,
Daniel Jones,NYG,10,76.5,13,17,197,2,0,3,11.6,QB,
Aaron Rodgers,GNB,10,70.0,14,20,224,3,0,2,11.2,QB,
Tua Tagovailoa,MIA,10,78.1,25,32,285,3,0,0,8.9,QB,
Patrick Mahomes,KAN,10,74.3,26,35,331,4,1,0,9.5,QB,
Skylar Thompson,MIA,10,100.0,1,1,17,0,0,0,17.0,QB,
Geno Smith,SEA,10,69.7,23,33,275,2,0,3,8.3,QB,
Jared Goff,DET,10,73.1,19,26,236,1,0,2,9.1,QB,
Tom Brady,TAM,10,75.9,22,29,258,2,1,0,8.9,QB,
Matt Ryan,IND,10,75.0,21,28,222,1,0,1,7.9,QB,
Trevor Lawrence,JAX,10,72.5,29,40,259,2,0,5,6.5,QB,
Derek Carr,LVR,10,63.2,24,38,248,2,0,2,6.5,QB,
Justin Fields,CHI,10,60.0,12,20,167,2,1,3,8.4,QB,
Colt McCoy,ARI,10,70.3,26,37,238,1,0,2,6.4,QB,
Jimmy Garoppolo,SFO,10,67.9,19,28,240,0,0,1,8.6,QB,
Jalen Hurts,PHI,10,65.4,17,26,175,2,1,1,6.7,QB,
Ryan Tannehill,TEN,10,52.8,19,36,255,2,0,1,7.1,QB,
Jacoby Brissett,CLE,10,62.9,22,35,212,1,0,3,6.1,QB,
Marcus Mariota,ATL,10,63.3,19,30,186,2,1,5,6.2,QB,
Davis Mills,HOU,10,59.5,22,37,319,1,1,4,8.6,QB,
P.J. Walker,CAR,10,62.5,10,16,108,0,0,1,6.8,QB,
John Wolford,LAR,10,66.7,24,36,212,1,1,3,5.9,QB,
Kenny Pickett,PIT,10,60.0,18,30,199,0,0,6,6.6,QB,
Bryce Perkins,LAR,10,100.0,1,1,-3,0,0,0,-3.0,QB,
Josh Allen,BUF,10,67.4,29,43,330,1,2,2,7.7,QB,
Dak Prescott,DAL,10,58.7,27,46,265,3,2,2,5.8,QB,
Justin Herbert,LAC,10,60.0,21,35,196,1,1,2,5.6,QB,
Kirk Cousins,MIN,10,60.0,30,50,357,1,2,4,7.1,QB,
Russell Wilson,DEN,10,50.0,21,42,286,1,1,6,6.8,QB,
Taylor Heinicke,WAS,10,58.6,17,29,211,0,1,3,7.3,QB,
Andy Dalton,NOR,10,63.0,17,27,174,1,2,2,6.4,QB,
Chase Daniel,LAC,10,0.0,0,2,0,0,0,1,0.0,QB,
Andy Dalton,NOR,11,84.0,21,25,260,3,0,3,10.4,QB,
Dak Prescott,DAL,11,88.0,22,25,276,2,0,0,11.0,QB,
Jimmy Garoppolo,SFO,11,69.0,20,29,228,4,0,0,7.9,QB,
Ryan Tannehill,TEN,11,81.5,22,27,333,2,1,3,12.3,QB,
Matthew Stafford,LAR,11,61.1,11,18,159,2,0,1,8.8,QB,
Patrick Mahomes,KAN,11,58.8,20,34,329,3,0,1,9.7,QB,
Jacoby Brissett,CLE,11,68.3,28,41,324,3,0,1,7.9,QB,
Justin Herbert,LAC,11,76.7,23,30,280,2,1,5,9.3,QB,
Jalen Hurts,PHI,11,72.0,18,25,190,1,0,3,7.6,QB,
Derek Carr,LVR,11,62.2,23,37,307,2,0,1,8.3,QB,
Mac Jones,NWE,11,85.2,23,27,246,0,0,6,9.1,QB,
Joe Burrow,CIN,11,61.5,24,39,355,4,2,2,9.1,QB,
Josh Allen,BUF,11,66.7,18,27,197,1,0,2,7.3,QB,
Marcus Mariota,ATL,11,65.0,13,20,131,1,0,0,6.6,QB,
Russell Wilson,DEN,11,77.4,24,31,247,0,0,3,8.0,QB,
Aaron Rodgers,GNB,11,61.5,24,39,227,2,0,1,5.8,QB,
Nick Mullens,MIN,11,71.4,5,7,54,0,0,0,7.7,QB,
Cooper Rush,DAL,11,80.0,4,5,31,0,0,0,6.2,QB,
Matt Ryan,IND,11,71.9,23,32,213,0,0,4,6.7,QB,
Kenny Pickett,PIT,11,59.5,25,42,265,1,0,2,6.3,QB,
Justin Fields,CHI,11,66.7,14,21,153,1,1,4,7.3,QB,
Jared Goff,DET,11,65.4,17,26,165,0,0,0,6.3,QB,
Taylor Heinicke,WAS,11,55.6,15,27,191,0,0,0,7.1,QB,
Lamar Jackson,BAL,11,72.7,24,33,209,0,1,3,6.3,QB,
Colt McCoy,ARI,11,70.6,24,34,218,0,1,3,6.4,QB,
Daniel Jones,NYG,11,61.4,27,44,341,1,2,2,7.8,QB,
Bryce Perkins,LAR,11,50.0,5,10,64,0,0,3,6.4,QB,
Kirk Cousins,MIN,11,52.2,12,23,105,0,0,7,4.6,QB,
Baker Mayfield,CAR,11,63.6,21,33,196,0,2,4,5.9,QB,
Zach Wilson,NYJ,11,40.9,9,22,77,0,0,4,3.5,QB,
Davis Mills,HOU,11,57.6,19,33,169,0,2,5,5.1,QB,
Trace McSorley,ARI,11,60.0,6,10,59,0,1,0,5.9,QB,
Mike White,NYJ,12,78.6,22,28,315,3,0,1,11.3,QB,
Jordan Love,GNB,12,66.7,6,9,113,1,0,0,12.6,QB,
Trevor Lawrence,JAX,12,78.4,29,37,321,3,0,4,8.7,QB,
Mac Jones,NWE,12,71.8,28,39,382,2,0,3,9.8,QB,
Kirk Cousins,MIN,12,81.1,30,37,299,3,1,1,8.1,QB,
Justin Herbert,LAC,12,74.5,35,47,274,3,0,4,5.8,QB,
Geno Smith,SEA,12,73.0,27,37,328,2,1,3,8.9,QB,
Sam Darnold,CAR,12,57.9,11,19,164,1,0,0,8.6,QB,
Jared Goff,DET,12,62.2,23,37,240,2,0,2,6.5,QB,
Derek Carr,LVR,12,69.4,25,36,295,3,2,1,8.2,QB,
Tom Brady,TAM,12,67.4,29,43,246,2,0,3,5.7,QB,
Tua Tagovailoa,MIA,12,61.1,22,36,299,1,0,4,8.3,QB,
Jalen Hurts,PHI,12,57.1,16,28,153,2,0,2,5.5,QB,
Aaron Rodgers,GNB,12,68.8,11,16,140,2,2,3,8.8,QB,
Jimmy Garoppolo,SFO,12,70.3,26,37,222,1,0,1,6.0,QB,
Ryan Tannehill,TEN,12,64.7,22,34,291,0,0,1,8.6,QB,
Dak Prescott,DAL,12,70.0,21,30,261,2,2,0,8.7,QB,
Joe Burrow,CIN,12,59.5,22,37,270,1,0,1,7.3,QB,
Kyler Murray,ARI,12,62.1,18,29,191,2,1,1,6.6,QB,
Taylor Heinicke,WAS,12,60.9,14,23,138,2,1,0,6.0,QB,
Daniel Jones,NYG,12,60.0,21,35,228,1,0,3,6.5,QB,
Kenny Pickett,PIT,12,71.4,20,28,174,0,0,3,6.2,QB,
Lamar Jackson,BAL,12,50.0,16,32,254,1,0,1,7.9,QB,
Patrick Mahomes,KAN,12,64.3,27,42,320,1,1,0,7.6,QB,
Andy Dalton,NOR,12,62.1,18,29,204,0,0,1,7.0,QB,
Josh Allen,BUF,12,57.1,24,42,253,2,1,3,6.0,QB,
Matt Ryan,IND,12,64.7,22,34,199,1,1,3,5.9,QB,
Marcus Mariota,ATL,12,60.0,15,25,174,1,1,1,7.0,QB,
Jacoby Brissett,CLE,12,62.2,23,37,210,1,1,4,5.7,QB,
Trevor Siemian,CHI,12,56.0,14,25,179,1,1,2,7.2,QB,
Russell Wilson,DEN,12,54.3,19,35,142,1,0,3,4.1,QB,
Kyle Allen,HOU,12,66.7,26,39,215,1,2,5,5.5,QB,
Bryce Perkins,LAR,12,56.5,13,23,100,1,2,3,4.3,QB,
Skylar Thompson,MIA,12,20.0,1,5,6,0,0,1,1.2,QB,
Jalen Hurts,PHI,13,74.4,29,39,380,3,0,2,9.7,QB,
Joe Burrow,CIN,13,80.6,25,31,286,2,0,1,9.2,QB,
Geno Smith,SEA,13,71.8,28,39,367,3,1,4,9.4,QB,
Jared Goff,DET,13,75.6,31,41,340,2,0,2,8.3,QB,
Andy Dalton,NOR,13,71.4,20,28,229,1,0,2,8.2,QB,
Josh Allen,BUF,13,66.7,22,33,223,2,0,2,6.8,QB,
Daniel Jones,NYG,13,80.6,25,31,200,1,0,4,6.5,QB,
Russell Wilson,DEN,13,77.3,17,22,189,0,0,2,8.6,QB,
Taylor Heinicke,WAS,13,65.9,27,41,275,2,0,5,6.7,QB,
Dak Prescott,DAL,13,66.7,20,30,170,3,1,1,5.7,QB,
Patrick Mahomes,KAN,13,59.3,16,27,223,1,0,2,8.3,QB,
Ryan Tannehill,TEN,13,63.6,14,22,141,1,0,6,6.4,QB,
Jimmy Garoppolo,SFO,13,50.0,2,4,56,0,0,1,14.0,QB,
Kenny Pickett,PIT,13,57.1,16,28,197,1,0,0,7.0,QB,
Derek Carr,LVR,13,53.3,16,30,250,2,1,0,8.3,QB,
Brock Purdy,SFO,13,67.6,25,37,210,2,1,3,5.7,QB,
Justin Herbert,LAC,13,59.6,28,47,335,1,0,5,7.1,QB,
Aaron Rodgers,GNB,13,58.1,18,31,182,1,0,0,5.9,QB,
Mac Jones,NWE,13,61.1,22,36,195,1,0,1,5.4,QB,
Tom Brady,TAM,13,66.7,36,54,281,2,1,1,5.2,QB,
Trevor Lawrence,JAX,13,54.8,17,31,179,1,0,2,5.8,QB,
Kirk Cousins,MIN,13,60.0,21,35,173,1,0,2,4.9,QB,
Tua Tagovailoa,MIA,13,54.5,18,33,295,2,2,3,8.9,QB,
Tyler Huntley,BAL,13,84.4,27,32,187,0,1,2,5.8,QB,
Lamar Jackson,BAL,13,75.0,3,4,11,0,0,2,2.8,QB,
Justin Fields,CHI,13,80.0,20,25,254,0,2,0,10.2,QB,
Marcus Mariota,ATL,13,54.2,13,24,167,1,1,1,7.0,QB,
C.J. Beathard,JAX,13,66.7,2,3,6,0,0,0,2.0,QB,
Gardner Minshew II,PHI,13,50.0,1,2,11,0,0,0,5.5,QB,
Malik Willis,TEN,13,50.0,2,4,16,0,0,0,4.0,QB,
Matt Ryan,IND,13,56.8,21,37,233,2,3,3,6.3,QB,
Mike White,NYJ,13,54.4,31,57,369,0,2,1,6.5,QB,
Kyle Allen,HOU,13,51.3,20,39,201,1,2,0,5.2,QB,
Deshaun Watson,CLE,13,54.5,12,22,131,0,1,1,6.0,QB,
John Wolford,LAR,13,53.8,14,26,178,0,2,4,6.8,QB,
Skylar Thompson,MIA,13,0.0,0,1,0,0,1,0,0.0,QB,
Tyrod Taylor,NYG,14,100.0,5,5,47,1,0,3,9.4,QB,
Brock Purdy,SFO,14,76.2,16,21,185,2,0,0,8.8,QB,
Kirk Cousins,MIN,14,75.6,31,41,425,2,0,3,10.4,QB,
Jeff Driskel,HOU,14,66.7,4,6,38,1,0,0,6.3,QB,
Trevor Lawrence,JAX,14,71.4,30,42,368,3,0,0,8.8,QB,
Jared Goff,DET,14,69.2,27,39,330,3,0,0,8.5,QB,
Jalen Hurts,PHI,14,67.7,21,31,217,2,0,4,7.0,QB,
Kyler Murray,ARI,14,100.0,1,1,9,0,0,0,9.0,QB,
Justin Herbert,LAC,14,76.5,39,51,367,1,0,4,7.2,QB,
Russell Wilson,DEN,14,63.9,23,36,247,3,1,6,6.9,QB,
Daniel Jones,NYG,14,66.7,18,27,169,1,0,4,6.3,QB,
Baker Mayfield,LAR,14,62.9,22,35,230,1,0,4,6.6,QB,
Ryan Tannehill,TEN,14,65.8,25,38,254,2,1,4,6.7,QB,
Tyler Huntley,BAL,14,66.7,8,12,88,0,0,1,7.3,QB,
Patrick Mahomes,KAN,14,66.7,28,42,352,3,3,2,8.4,QB,
Josh Allen,BUF,14,59.3,16,27,147,1,0,3,5.4,QB,
Geno Smith,SEA,14,58.3,21,36,264,3,2,3,7.3,QB,
Sam Darnold,CAR,14,58.3,14,24,120,1,0,2,5.0,QB,
Joe Burrow,CIN,14,54.5,18,33,239,2,1,1,7.2,QB,
Davis Mills,HOU,14,76.2,16,21,175,0,1,0,8.3,QB,
Deshaun Watson,CLE,14,61.9,26,42,276,1,1,2,6.6,QB,
Mike White,NYJ,14,61.4,27,44,268,0,0,3,6.1,QB,
Mac Jones,NWE,14,68.6,24,35,235,0,1,1,6.7,QB,
Colt McCoy,ARI,14,67.5,27,40,246,0,1,6,6.2,QB,
Mitchell Trubisky,PIT,14,73.3,22,30,276,1,3,1,9.2,QB,
Dak Prescott,DAL,14,61.5,24,39,284,1,2,1,7.3,QB,
Anthony Brown,BAL,14,60.0,3,5,16,0,0,1,3.2,QB,
Tua Tagovailoa,MIA,14,35.7,10,28,145,1,0,2,5.2,QB,
Josh Johnson,SFO,14,50.0,1,2,10,0,0,0,5.0,QB,
Tom Brady,TAM,14,61.8,34,55,253,1,2,0,4.6,QB,
Brett Rypien,DEN,14,50.0,4,8,16,1,1,0,2.0,QB,
Joe Flacco,NYJ,14,33.3,1,3,1,0,0,1,0.3,QB,
Jacoby Brissett,CLE,14,0.0,0,1,0,0,0,0,0.0,QB,
Kenny Pickett,PIT,14,0.0,0,1,0,0,0,1,0.0,QB,
Derek Carr,LVR,14,55.0,11,20,137,0,2,0,6.9,QB,
Andy Dalton,NOR,15,64.7,11,17,151,2,0,2,8.9,QB,
Justin Fields,CHI,15,66.7,14,21,152,2,0,6,7.2,QB,
Josh Allen,BUF,15,62.5,25,40,304,4,0,2,7.6,QB,
Patrick Mahomes,KAN,15,87.8,36,41,336,2,0,2,8.2,QB,
Brock Purdy,SFO,15,65.4,17,26,217,2,0,1,8.3,QB,
Trevor Lawrence,JAX,15,64.3,27,42,318,4,1,1,7.6,QB,
Sam Darnold,CAR,15,60.9,14,23,225,1,0,4,9.8,QB,
Dak Prescott,DAL,15,76.7,23,30,256,3,2,3,8.5,QB,
Joe Burrow,CIN,15,69.2,27,39,200,4,1,2,5.1,QB,
Tua Tagovailoa,MIA,15,56.7,17,30,234,2,0,2,7.8,QB,
Mitchell Trubisky,PIT,15,77.3,17,22,179,0,0,1,8.1,QB,
Kirk Cousins,MIN,15,63.0,34,54,460,4,2,7,8.5,QB,
Taylor Heinicke,WAS,15,58.6,17,29,249,1,0,3,8.6,QB,
Brett Rypien,DEN,15,80.8,21,26,197,1,1,7,7.6,QB,
Davis Mills,HOU,15,50.0,12,24,121,2,0,0,5.0,QB,
Tom Brady,TAM,15,68.2,30,44,312,3,2,1,7.1,QB,
Aaron Rodgers,GNB,15,73.3,22,30,229,1,1,3,7.6,QB,
Deshaun Watson,CLE,15,64.3,18,28,161,1,0,3,5.8,QB,
Geno Smith,SEA,15,70.5,31,44,238,1,0,3,5.4,QB,
Zach Wilson,NYJ,15,51.4,18,35,317,2,1,4,9.1,QB,
Jared Goff,DET,15,60.5,23,38,252,1,0,0,6.6,QB,
Derek Carr,LVR,15,52.6,20,38,231,3,1,3,6.1,QB,
Malik Willis,TEN,15,75.0,3,4,20,0,0,0,5.0,QB,
Matt Ryan,IND,15,57.6,19,33,182,1,0,3,5.5,QB,
Daniel Jones,NYG,15,65.6,21,32,160,0,0,0,5.0,QB,
Ryan Tannehill,TEN,15,68.2,15,22,165,0,1,4,7.5,QB,
Justin Herbert,LAC,15,66.7,28,42,313,0,2,3,7.5,QB,
Baker Mayfield,LAR,15,57.1,12,21,111,1,1,5,5.3,QB,
Jalen Hurts,PHI,15,59.5,22,37,315,0,2,1,8.5,QB,
Desmond Ridder,ATL,15,50.0,13,26,97,0,0,4,3.7,QB,
Jeff Driskel,HOU,15,50.0,2,4,8,0,0,1,2.0,QB,
Tyler Huntley,BAL,15,56.7,17,30,138,0,1,3,4.6,QB,
Mac Jones,NWE,15,41.9,13,31,112,0,0,0,3.6,QB,
Colt McCoy,ARI,15,61.9,13,21,78,0,1,2,3.7,QB,
Nathan Peterman,CHI,15,0.0,0,1,0,0,0,0,0.0,QB,
Trace McSorley,ARI,15,46.7,7,15,95,0,2,1,6.3,QB,
Baker Mayfield,LAR,16,85.7,24,28,230,2,0,0,8.2,QB,
Dak Prescott,DAL,16,77.1,27,35,347,3,1,6,9.9,QB,
Sam Darnold,CAR,16,68.2,15,22,250,1,0,0,11.4,QB,
Carson Wentz,WAS,16,75.0,12,16,123,1,0,0,7.7,QB,
Taylor Heinicke,WAS,16,72.2,13,18,166,2,1,2,9.2,QB,
Brock Purdy,SFO,16,68.2,15,22,234,2,1,3,10.6,QB,
Jared Goff,DET,16,59.5,25,42,355,3,0,2,8.5,QB,
Kirk Cousins,MIN,16,70.8,34,48,299,3,0,4,6.2,QB,
Patrick Mahomes,KAN,16,57.1,16,28,224,2,0,1,8.0,QB,
Jeff Driskel,HOU,16,75.0,3,4,40,0,0,0,10.0,QB,
Mac Jones,NWE,16,63.6,21,33,240,2,0,4,7.3,QB,
Joe Burrow,CIN,16,76.9,40,52,375,3,2,2,7.2,QB,
Tyler Huntley,BAL,16,52.9,9,17,115,1,0,0,6.8,QB,
Daniel Jones,NYG,16,71.4,30,42,334,1,1,3,8.0,QB,
Justin Fields,CHI,16,65.2,15,23,119,1,0,2,5.2,QB,
Trevor Lawrence,JAX,16,64.5,20,31,229,0,0,1,7.4,QB,
Desmond Ridder,ATL,16,66.7,22,33,218,0,0,2,6.6,QB,
Gardner Minshew II,PHI,16,60.0,24,40,355,2,2,0,8.9,QB,
Justin Herbert,LAC,16,77.4,24,31,235,0,1,4,7.6,QB,
Chris Streveler,NYJ,16,66.7,10,15,90,0,0,0,6.0,QB,
Kenny Pickett,PIT,16,66.7,26,39,244,1,1,0,6.3,QB,
Tua Tagovailoa,MIA,16,64.0,16,25,310,1,3,2,12.4,QB,
Aaron Rodgers,GNB,16,63.2,24,38,238,1,1,2,6.3,QB,
Davis Mills,HOU,16,60.7,17,28,178,1,1,1,6.4,QB,
Geno Smith,SEA,16,62.5,25,40,215,1,1,2,5.4,QB,
Tom Brady,TAM,16,66.7,32,48,281,1,2,0,5.9,QB,
Josh Allen,BUF,16,57.7,15,26,172,2,2,1,6.6,QB,
Trace McSorley,ARI,16,53.3,24,45,217,0,1,1,4.8,QB,
Russell Wilson,DEN,16,55.6,15,27,214,1,3,6,7.9,QB,
Deshaun Watson,CLE,16,48.4,15,31,135,0,1,2,4.4,QB,
Andy Dalton,NOR,16,53.3,8,15,92,0,1,0,6.1,QB,
Derek Carr,LVR,16,53.3,16,30,174,1,3,3,5.8,QB,
Zach Wilson,NYJ,16,50.0,9,18,92,0,1,3,5.1,QB,
Malik Willis,TEN,16,60.9,14,23,99,0,2,4,4.3,QB,
Nathan Peterman,CHI,16,60.0,3,5,25,0,1,0,5.0,QB,
Nick Foles,IND,16,58.6,17,29,143,0,3,7,4.9,QB,
Brett Rypien,DEN,16,50.0,4,8,45,0,1,0,5.6,QB,
Nick Mullens,MIN,17,100.0,4,4,57,1,0,0,14.3,QB,
Jared Goff,DET,17,72.4,21,29,255,3,0,1,8.8,QB,
Tom Brady,TAM,17,75.6,34,45,432,3,0,3,9.6,QB,
Daniel Jones,NYG,17,79.2,19,24,177,2,0,0,7.4,QB,
Deshaun Watson,CLE,17,50.0,9,18,169,3,0,5,9.4,QB,
Justin Herbert,LAC,17,75.0,21,28,212,2,0,0,7.6,QB,
Sam Darnold,CAR,17,62.2,23,37,341,3,1,2,9.2,QB,
Jarrett Stidham,LVR,17,67.6,23,34,365,3,2,0,10.7,QB,
Patrick Mahomes,KAN,17,69.0,29,42,328,3,1,0,7.8,QB,
Chase Daniel,LAC,17,100.0,3,3,27,0,0,0,9.0,QB,
Geno Smith,SEA,17,62.1,18,29,183,2,0,4,6.3,QB,
Mac Jones,NWE,17,60.6,20,33,204,2,0,3,6.2,QB,
Sam Ehlinger,IND,17,64.3,9,14,60,1,0,1,4.3,QB,
Aaron Rodgers,GNB,17,62.5,15,24,159,1,0,1,6.6,QB,
Brock Purdy,SFO,17,62.9,22,35,284,2,1,0,8.1,QB,
Desmond Ridder,ATL,17,73.1,19,26,169,0,0,1,6.5,QB,
Kenny Pickett,PIT,17,55.6,15,27,168,1,0,2,6.2,QB,
Andy Dalton,NOR,17,81.8,18,22,205,0,1,6,9.3,QB,
Teddy Bridgewater,MIA,17,63.2,12,19,161,1,1,1,8.5,QB,
Dak Prescott,DAL,17,70.7,29,41,282,2,2,1,6.9,QB,
David Blough,ARI,17,60.0,24,40,222,1,0,2,5.6,QB,
Gardner Minshew II,PHI,17,56.3,18,32,274,1,1,6,8.6,QB,
Russell Wilson,DEN,17,68.4,26,38,222,1,1,4,5.8,QB,
Tyler Huntley,BAL,17,66.7,14,21,130,1,1,1,6.2,QB,
Baker Mayfield,LAR,17,57.9,11,19,132,0,0,3,6.9,QB,
Jeff Driskel,HOU,17,75.0,3,4,9,0,0,1,2.3,QB,
Trevor Lawrence,JAX,17,81.0,17,21,152,0,1,1,7.2,QB,
Jordan Love,GNB,17,66.7,2,3,9,0,0,0,3.0,QB,
Davis Mills,HOU,17,55.0,22,40,202,0,0,1,5.1,QB,
Joshua Dobbs,TEN,17,51.3,20,39,232,1,1,2,5.9,QB,
Skylar Thompson,MIA,17,57.1,12,21,104,1,1,1,5.0,QB,
Kirk Cousins,MIN,17,58.1,18,31,205,1,3,2,6.6,QB,
Mike White,NYJ,17,50.0,23,46,240,0,2,4,5.2,QB,
Nick Foles,IND,17,61.5,8,13,81,0,1,1,6.2,QB,
Justin Fields,CHI,17,33.3,7,21,75,1,1,7,3.6,QB,
Carson Wentz,WAS,17,57.1,16,28,143,0,3,3,5.1,QB,
C.J. Beathard,JAX,17,62.5,5,8,29,0,1,1,3.6,QB,
Brock Purdy,SFO,18,75.0,15,20,178,3,0,4,8.9,QB,
Kirk Cousins,MIN,18,85.0,17,20,225,1,0,0,11.3,QB,
Blaine Gabbert,TAM,18,75.0,6,8,29,1,0,0,3.6,QB,
Russell Wilson,DEN,18,54.2,13,24,283,3,1,2,11.8,QB,
Chase Daniel,LAC,18,71.4,5,7,25,1,0,0,3.6,QB,
Desmond Ridder,ATL,18,63.3,19,30,224,2,0,2,7.5,QB,
Justin Herbert,LAC,18,67.6,25,37,273,2,0,1,7.4,QB,
Josh Allen,BUF,18,61.3,19,31,254,3,1,2,8.2,QB,
Tom Brady,TAM,18,76.5,13,17,84,1,0,0,4.9,QB,
Patrick Mahomes,KAN,18,69.2,18,26,202,1,0,2,7.8,QB,
Andy Dalton,NOR,18,60.0,15,25,171,1,0,1,6.8,QB,
Jeff Driskel,HOU,18,100.0,2,2,13,0,0,0,6.5,QB,
Nathan Peterman,CHI,18,57.9,11,19,114,1,0,1,6.0,QB,
Trevor Lawrence,JAX,18,62.5,20,32,212,1,0,1,6.6,QB,
Davis Mills,HOU,18,57.9,22,38,298,3,2,1,7.8,QB,
David Blough,ARI,18,77.8,14,18,180,1,2,3,10.0,QB,
Jared Goff,DET,18,67.6,23,34,224,0,0,1,6.6,QB,
Deshaun Watson,CLE,18,65.5,19,29,230,2,2,7,7.9,QB,
Aaron Rodgers,GNB,18,63.0,17,27,205,1,1,2,7.6,QB,
Sam Howell,WAS,18,57.9,11,19,169,1,1,3,8.9,QB,
Joshua Dobbs,TEN,18,69.0,20,29,179,1,1,4,6.2,QB,
Joe Burrow,CIN,18,59.5,25,42,215,1,0,2,5.1,QB,
Kenny Pickett,PIT,18,44.8,13,29,195,1,0,1,6.7,QB,
Sam Ehlinger,IND,18,65.7,23,35,209,2,2,2,6.0,QB,
Skylar Thompson,MIA,18,64.5,20,31,152,0,0,1,4.9,QB,
Jarrett Stidham,LVR,18,61.1,22,36,219,1,1,6,6.1,QB,
Davis Webb,NYG,18,57.5,23,40,168,1,0,0,4.2,QB,
Mac Jones,NWE,18,65.0,26,40,243,3,3,1,6.1,QB,
Nick Mullens,MIN,18,84.6,11,13,116,0,1,0,8.9,QB,
Joe Flacco,NYJ,18,54.5,18,33,149,0,0,0,4.5,QB,
Geno Smith,SEA,18,61.3,19,31,213,1,2,3,6.9,QB,
Jalen Hurts,PHI,18,57.1,20,35,229,0,1,3,6.5,QB,
Baker Mayfield,LAR,18,50.0,13,26,147,0,1,5,5.7,QB,
Anthony Brown,BAL,18,43.2,19,44,286,0,2,4,6.5,QB,
Dak Prescott,DAL,18,37.8,14,37,128,1,1,1,3.5,QB,
Kyle Trask,TAM,18,33.3,3,9,23,0,0,0,2.6,QB,
Cooper Rush,DAL,18,0.0,0,1,0,0,0,0,0.0,QB,
Trace McSorley,ARI,18,66.7,6,9,29,0,1,0,3.2,QB,
Tim Boyle,CHI,18,25.0,2,8,33,0,2,0,4.1,QB,
Sam Darnold,CAR,18,33.3,5,15,43,0,2,2,2.9,QB,
Jordan Love,GNB,1,55.6,15,27,245,3,0,1,9.1,QB,
Desmond Ridder,ATL,1,83.3,15,18,115,1,0,4,6.4,QB,
Brock Purdy,SFO,1,65.5,19,29,220,2,0,3,7.6,QB,
Tua Tagovailoa,MIA,1,62.2,28,45,466,3,1,0,10.4,QB,
Russell Wilson,DEN,1,79.4,27,34,177,2,0,2,5.2,QB,
Jimmy Garoppolo,LVR,1,76.9,20,26,200,2,1,0,7.7,QB,
Trevor Lawrence,JAX,1,75.0,24,32,241,2,1,2,7.5,QB,
Kirk Cousins,MIN,1,75.0,33,44,344,2,1,2,7.8,QB,
Justin Herbert,LAC,1,69.7,23,33,229,1,0,3,6.9,QB,
Derek Carr,NOR,1,69.7,23,33,305,1,1,4,9.2,QB,
Baker Mayfield,TAM,1,61.8,21,34,173,2,0,1,5.1,QB,
Jared Goff,DET,1,62.9,22,35,253,1,0,1,7.2,QB,
Mac Jones,NWE,1,64.8,35,54,316,3,1,2,5.9,QB,
Matthew Stafford,LAR,1,63.2,24,38,334,0,0,0,8.8,QB,
Jalen Hurts,PHI,1,66.7,22,33,170,1,0,3,5.2,QB,
Geno Smith,SEA,1,61.5,16,26,112,1,0,2,4.3,QB,
Zach Wilson,NYJ,1,66.7,14,21,140,1,1,2,6.7,QB,
Lamar Jackson,BAL,1,77.3,17,22,169,0,1,4,7.7,QB,
Tyrod Taylor,NYG,1,100.0,2,2,6,0,0,0,3.0,QB,
Anthony Richardson,IND,1,64.9,24,37,223,1,1,4,6.0,QB,
Joshua Dobbs,ARI,1,70.0,21,30,132,0,0,3,4.4,QB,
Justin Fields,CHI,1,64.9,24,37,216,1,1,4,5.8,QB,
C.J. Stroud,HOU,1,63.6,28,44,242,0,0,5,5.5,QB,
Sam Howell,WAS,1,61.3,19,31,202,1,1,6,6.5,QB,
Patrick Mahomes,KAN,1,53.8,21,39,226,2,1,0,5.8,QB,
Dak Prescott,DAL,1,54.2,13,24,143,0,0,0,6.0,QB,
Kenny Pickett,PIT,1,67.4,31,46,232,1,2,5,5.0,QB,
Deshaun Watson,CLE,1,55.2,16,29,154,1,1,3,5.3,QB,
Josh Allen,BUF,1,70.7,29,41,236,1,3,5,5.8,QB,
Joe Burrow,CIN,1,45.2,14,31,82,0,0,2,2.6,QB,
Bryce Young,CAR,1,52.6,20,38,146,1,2,2,3.8,QB,
Jake Browning,CIN,1,0.0,0,1,0,0,0,0,0.0,QB,
Gardner Minshew II,IND,1,0.0,0,2,0,0,0,0,0.0,QB,
Aaron Rodgers,NYJ,1,0.0,0,1,0,0,0,1,0.0,QB,
Cooper Rush,DAL,1,0.0,0,1,0,0,0,0,0.0,QB,
Daniel Jones,NYG,1,53.6,15,28,104,0,2,7,3.7,QB,
Ryan Tannehill,TEN,1,47.1,16,34,198,0,3,3,5.8,QB,
Kirk Cousins,MIN,2,70.5,31,44,364,4,0,2,8.3,QB,
Josh Allen,BUF,2,83.8,31,37,274,3,0,2,7.4,QB,
Ryan Tannehill,TEN,2,83.3,20,24,246,1,0,5,10.3,QB,
Jared Goff,DET,2,80.0,28,35,323,3,1,2,9.2,QB,
Geno Smith,SEA,2,78.0,32,41,328,2,0,1,8.0,QB,
Baker Mayfield,TAM,2,76.5,26,34,317,1,0,0,9.3,QB,
Jordan Love,GNB,2,56.0,14,25,151,3,0,1,6.0,QB,
Lamar Jackson,BAL,2,72.7,24,33,237,2,0,0,7.2,QB,
Dak Prescott,DAL,2,81.6,31,38,255,2,0,1,6.7,QB,
Gardner Minshew II,IND,2,82.6,19,23,171,1,0,0,7.4,QB,
Sam Howell,WAS,2,69.2,27,39,299,2,0,4,7.7,QB,
Russell Wilson,DEN,2,56.3,18,32,308,3,1,7,9.6,QB,
Justin Herbert,LAC,2,65.9,27,41,305,2,0,3,7.4,QB,
Daniel Jones,NYG,2,70.3,26,37,321,2,1,3,8.7,QB,
C.J. Stroud,HOU,2,63.8,30,47,384,2,0,6,8.2,QB,
Joshua Dobbs,ARI,2,67.7,21,31,228,1,0,0,7.4,QB,
Patrick Mahomes,KAN,2,70.7,29,41,305,2,1,1,7.4,QB,
Jalen Hurts,PHI,2,78.3,18,23,193,1,1,4,8.4,QB,
Brock Purdy,SFO,2,68.0,17,25,206,0,0,1,8.2,QB,
Tua Tagovailoa,MIA,2,70.0,21,30,249,1,1,1,8.3,QB,
Bryce Young,CAR,2,66.7,22,33,153,1,0,4,4.6,QB,
Joe Burrow,CIN,2,65.9,27,41,222,2,1,1,5.4,QB,
Mac Jones,NWE,2,73.8,31,42,231,1,1,4,5.5,QB,
Desmond Ridder,ATL,2,59.4,19,32,237,1,1,1,7.4,QB,
Anthony Richardson,IND,2,60.0,6,10,56,0,0,0,5.6,QB,
Kenny Pickett,PIT,2,50.0,15,30,222,1,1,2,7.4,QB,
Deshaun Watson,CLE,2,55.0,22,40,235,1,1,6,5.9,QB,
Jimmy Garoppolo,LVR,2,66.7,16,24,185,1,2,0,7.7,QB,
Trevor Lawrence,JAX,2,53.7,22,41,216,0,0,4,5.3,QB,
Matthew Stafford,LAR,2,61.8,34,55,307,1,2,1,5.6,QB,
Derek Carr,NOR,2,58.3,21,36,228,0,1,4,6.3,QB,
Justin Fields,CHI,2,55.2,16,29,211,1,2,6,7.3,QB,
Zach Wilson,NYJ,2,44.4,12,27,170,1,3,3,6.3,QB,
Mike White,MIA,3,100.0,2,2,67,1,0,0,33.5,QB,
Tua Tagovailoa,MIA,3,88.5,23,26,309,4,0,0,11.9,QB,
Patrick Mahomes,KAN,3,72.7,24,33,272,3,0,0,8.2,QB,
Justin Herbert,LAC,3,85.1,40,47,405,3,0,1,8.6,QB,
Deshaun Watson,CLE,3,81.8,27,33,289,2,0,3,8.8,QB,
Joshua Dobbs,ARI,3,81.0,17,21,189,1,0,2,9.0,QB,
C.J. Stroud,HOU,3,66.7,20,30,280,2,0,0,9.3,QB,
Brock Purdy,SFO,3,67.6,25,37,310,2,0,2,8.4,QB,
Kenny Pickett,PIT,3,57.1,16,28,235,2,0,1,8.4,QB,
Derek Carr,NOR,3,72.2,13,18,103,1,0,3,5.7,QB,
Kirk Cousins,MIN,3,64.0,32,50,367,3,1,4,7.3,QB,
Andy Dalton,CAR,3,58.6,34,58,361,2,0,3,6.2,QB,
Lamar Jackson,BAL,3,71.0,22,31,202,0,0,4,6.5,QB,
Geno Smith,SEA,3,63.9,23,36,296,1,1,2,8.2,QB,
Jared Goff,DET,3,66.7,22,33,243,1,1,0,7.4,QB,
Mac Jones,NWE,3,51.7,15,29,201,1,0,0,6.9,QB,
C.J. Beathard,JAX,3,100.0,2,2,9,0,0,0,4.5,QB,
Trevor Lawrence,JAX,3,67.5,27,40,279,1,1,0,7.0,QB,
Russell Wilson,DEN,3,60.5,23,38,306,1,1,1,8.1,QB,
Gardner Minshew II,IND,3,61.4,27,44,227,1,0,5,5.2,QB,
Jameis Winston,NOR,3,62.5,10,16,101,0,0,1,6.3,QB,
Josh Allen,BUF,3,62.5,20,32,218,1,1,0,6.8,QB,
Dak Prescott,DAL,3,62.5,25,40,249,1,1,2,6.2,QB,
Baker Mayfield,TAM,3,60.0,15,25,146,1,1,2,5.8,QB,
Jimmy Garoppolo,LVR,3,63.6,28,44,324,2,3,4,7.4,QB,
Jalen Hurts,PHI,3,62.2,23,37,277,1,2,1,7.5,QB,
Desmond Ridder,ATL,3,55.3,21,38,201,0,0,7,5.3,QB,
Jordan Love,GNB,3,50.0,22,44,259,1,1,1,5.9,QB,
Matthew Stafford,LAR,3,54.5,18,33,269,1,2,6,8.2,QB,
Daniel Jones,NYG,3,68.8,22,32,137,0,1,2,4.3,QB,
Ryan Tannehill,TEN,3,52.0,13,25,104,0,0,5,4.2,QB,
Zach Wilson,NYJ,3,50.0,18,36,157,0,0,3,4.4,QB,
Joe Burrow,CIN,3,53.1,26,49,259,0,1,2,5.3,QB,
Justin Fields,CHI,3,50.0,11,22,99,1,1,3,4.5,QB,
Sam Howell,WAS,3,65.5,19,29,170,0,4,9,5.9,QB,
Tyrod Taylor,NYG,3,0.0,0,1,0,0,0,0,0.0,QB,
Blaine Gabbert,KAN,3,60.0,3,5,31,0,2,0,6.2,QB,
Josh Allen,BUF,4,84.0,21,25,320,4,0,2,12.8,QB,
Lamar Jackson,BAL,4,78.9,15,19,186,2,0,3,9.8,QB,
Brock Purdy,SFO,4,95.2,20,21,283,1,0,1,13.5,QB,
Russell Wilson,DEN,4,75.0,21,28,223,3,0,1,8.0,QB,
Justin Fields,CHI,4,80.0,28,35,335,4,1,4,9.6,QB,
Baker Mayfield,TAM,4,78.1,25,32,246,3,1,1,7.7,QB,
Jalen Hurts,PHI,4,67.6,25,37,319,2,0,3,8.6,QB,
C.J. Stroud,HOU,4,53.3,16,30,306,2,0,0,10.2,QB,
Dak Prescott,DAL,4,82.4,28,34,261,1,0,3,7.7,QB,
Cooper Rush,DAL,4,100.0,2,2,20,0,0,0,10.0,QB,
Trevor Lawrence,JAX,4,76.7,23,30,207,1,0,2,6.9,QB,
Zach Wilson,NYJ,4,71.8,28,39,245,2,0,2,6.3,QB,
Joshua Dobbs,ARI,4,68.3,28,41,265,2,0,1,6.5,QB,
Anthony Richardson,IND,4,44.0,11,25,200,2,0,2,8.0,QB,
Ryan Tannehill,TEN,4,72.0,18,25,240,1,1,3,9.6,QB,
Sam Howell,WAS,4,70.7,29,41,290,1,0,5,7.1,QB,
Geno Smith,SEA,4,65.0,13,20,110,1,0,2,5.5,QB,
Bryce Young,CAR,4,78.1,25,32,204,0,0,5,6.4,QB,
Tua Tagovailoa,MIA,4,71.4,25,35,282,1,1,4,8.1,QB,
Matthew Stafford,LAR,4,67.5,27,40,319,1,1,2,8.0,QB,
Jared Goff,DET,4,67.9,19,28,210,1,1,2,7.5,QB,
Kirk Cousins,MIN,4,63.2,12,19,139,2,2,2,7.3,QB,
Joe Burrow,CIN,4,66.7,20,30,165,0,0,3,5.5,QB,
Drew Lock,SEA,4,33.3,2,6,63,0,0,0,10.5,QB,
Justin Herbert,LAC,4,54.2,13,24,167,1,1,2,7.0,QB,
Jordan Love,GNB,4,63.9,23,36,246,1,2,5,6.8,QB,
Derek Carr,NOR,4,62.2,23,37,127,0,0,2,3.4,QB,
Aidan O'Connell,LVR,4,61.5,24,39,238,0,1,7,6.1,QB,
Mitchell Trubisky,PIT,4,60.0,3,5,18,0,0,0,3.6,QB,
Daniel Jones,NYG,4,79.4,27,34,203,0,2,10,6.0,QB,
Bailey Zappe,NWE,4,44.4,4,9,57,0,0,1,6.3,QB,
Patrick Mahomes,KAN,4,60.0,18,30,203,1,2,1,6.8,QB,
Desmond Ridder,ATL,4,61.3,19,31,191,1,2,4,6.2,QB,
Kenny Pickett,PIT,4,65.2,15,23,114,0,1,3,5.0,QB,
Mac Jones,NWE,4,57.1,12,21,150,0,2,1,7.1,QB,
Dorian Thompson-Robinson,CLE,4,52.8,19,36,121,0,3,4,3.4,QB,
Jameis Winston,NOR,4,0.0,0,1,0,0,1,0,0.0,QB,
Brock Purdy,SFO,5,70.8,17,24,252,4,0,1,10.5,QB,
Jared Goff,DET,5,71.4,20,28,236,3,0,2,8.4,QB,
Justin Fields,CHI,5,51.7,15,29,282,4,0,3,9.7,QB,
Derek Carr,NOR,5,69.2,18,26,183,2,0,2,7.0,QB,
Gardner Minshew II,IND,5,78.6,11,14,155,0,0,0,11.1,QB,
Desmond Ridder,ATL,5,75.7,28,37,329,1,0,0,8.9,QB,
Patrick Mahomes,KAN,5,75.6,31,41,281,2,0,2,6.9,QB,
Joe Burrow,CIN,5,78.3,36,46,317,3,1,3,6.9,QB,
Russell Wilson,DEN,5,64.5,20,31,196,2,0,4,6.3,QB,
Trevor Lawrence,JAX,5,67.6,25,37,315,1,0,5,8.5,QB,
Josh Allen,BUF,5,67.5,27,40,359,2,1,0,9.0,QB,
Tua Tagovailoa,MIA,5,73.3,22,30,308,2,2,1,10.3,QB,
Sam Howell,WAS,5,72.5,37,51,388,2,1,5,7.6,QB,
Anthony Richardson,IND,5,75.0,9,12,98,0,0,1,8.2,QB,
Tyrod Taylor,NYG,5,75.0,9,12,86,0,0,1,7.2,QB,
Kirk Cousins,MIN,5,61.7,29,47,284,2,0,3,6.0,QB,
Matthew Stafford,LAR,5,56.8,21,37,222,2,0,4,6.0,QB,
C.J. Stroud,HOU,5,57.1,20,35,249,1,0,0,7.1,QB,
Kenny Pickett,PIT,5,56.3,18,32,224,1,0,3,7.0,QB,
Jalen Hurts,PHI,5,65.8,25,38,303,1,1,1,8.0,QB,
Jimmy Garoppolo,LVR,5,71.0,22,31,208,1,1,3,6.7,QB,
Daniel Jones,NYG,5,70.0,14,20,119,0,0,6,6.0,QB,
Cooper Rush,DAL,5,100.0,2,2,8,0,0,1,4.0,QB,
Bryce Young,CAR,5,61.0,25,41,247,3,2,1,6.0,QB,
Sam Darnold,SFO,5,100.0,1,1,1,0,0,0,1.0,QB,
Zach Wilson,NYJ,5,73.1,19,26,199,0,1,4,7.7,QB,
Ryan Tannehill,TEN,5,67.6,23,34,264,0,1,1,7.8,QB,
Lamar Jackson,BAL,5,57.9,22,38,236,0,1,4,6.2,QB,
Joshua Dobbs,ARI,5,46.9,15,32,166,2,2,3,5.2,QB,
Dak Prescott,DAL,5,58.3,14,24,153,1,3,3,6.4,QB,
Bailey Zappe,NWE,5,33.3,3,9,22,0,0,0,2.4,QB,
Jordan Love,GNB,5,53.3,16,30,182,0,3,2,6.1,QB,
Mac Jones,NWE,5,54.5,12,22,110,0,2,2,5.0,QB,
Tua Tagovailoa,MIA,6,67.7,21,31,262,3,0,0,8.5,QB,
Sam Howell,WAS,6,60.9,14,23,151,3,0,5,6.6,QB,
Malik Willis,TEN,6,80.0,4,5,74,0,0,4,14.8,QB,
Dak Prescott,DAL,6,70.0,21,30,272,1,0,5,9.1,QB,
Jared Goff,DET,6,68.2,30,44,353,2,0,3,8.0,QB,
Matthew Stafford,LAR,6,62.5,15,24,226,1,0,3,9.4,QB,
Brian Hoyer,LVR,6,60.0,6,10,102,0,0,0,10.2,QB,
Patrick Mahomes,KAN,6,75.0,30,40,306,1,1,2,7.7,QB,
Kirk Cousins,MIN,6,67.7,21,31,181,1,0,2,5.8,QB,
Trevor Lawrence,JAX,6,66.7,20,30,181,2,1,3,6.0,QB,
Lamar Jackson,BAL,6,70.0,21,30,223,1,1,1,7.4,QB,
Joe Burrow,CIN,6,68.6,24,35,185,2,1,3,5.3,QB,
Josh Allen,BUF,6,63.3,19,30,169,2,1,0,5.6,QB,
Bryce Young,CAR,6,60.5,23,38,217,1,0,4,5.7,QB,
Justin Herbert,LAC,6,59.5,22,37,227,2,1,1,6.1,QB,
Derek Carr,NOR,6,64.0,32,50,353,1,1,2,7.1,QB,
C.J. Stroud,HOU,6,48.1,13,27,199,2,1,2,7.4,QB,
Jimmy Garoppolo,LVR,6,63.6,14,22,162,1,1,0,7.4,QB,
Tyrod Taylor,NYG,6,66.7,24,36,200,0,0,3,5.6,QB,
Mac Jones,NWE,6,72.7,24,33,200,0,1,3,6.1,QB,
Zach Wilson,NYJ,6,57.6,19,33,186,0,0,5,5.6,QB,
Geno Smith,SEA,6,65.9,27,41,326,0,2,4,8.0,QB,
Desmond Ridder,ATL,6,59.6,28,47,307,2,3,3,6.5,QB,
Gardner Minshew II,IND,6,60.0,33,55,329,1,3,3,6.0,QB,
Jalen Hurts,PHI,6,62.2,28,45,280,1,3,2,6.2,QB,
Joshua Dobbs,ARI,6,51.2,21,41,235,0,1,2,5.7,QB,
Baker Mayfield,TAM,6,51.4,19,37,206,0,1,1,5.6,QB,
Tyson Bagent,CHI,6,71.4,10,14,83,0,1,1,5.9,QB,
Brock Purdy,SFO,6,44.4,12,27,125,1,1,3,4.6,QB,
Russell Wilson,DEN,6,59.1,13,22,95,1,2,4,4.3,QB,
P.J. Walker,CLE,6,52.9,18,34,192,0,2,2,5.6,QB,
Ryan Tannehill,TEN,6,50.0,8,16,76,0,1,2,4.8,QB,
Justin Fields,CHI,6,60.0,6,10,58,0,1,4,5.8,QB,
Mike White,MIA,6,0.0,0,1,0,0,1,0,0.0,QB,
Lamar Jackson,BAL,7,77.8,21,27,357,3,0,0,13.2,QB,
Patrick Mahomes,KAN,7,76.2,32,42,424,4,1,1,10.1,QB,
Mac Jones,NWE,7,83.3,25,30,272,2,0,1,9.1,QB,
Gardner Minshew II,IND,7,65.2,15,23,305,2,1,4,13.3,QB,
Tyrod Taylor,NYG,7,62.1,18,29,279,2,0,4,9.6,QB,
Geno Smith,SEA,7,75.0,18,24,219,2,1,2,9.1,QB,
Jalen Hurts,PHI,7,74.2,23,31,279,2,1,3,9.0,QB,
Kirk Cousins,MIN,7,77.8,35,45,378,2,1,0,8.4,QB,
Desmond Ridder,ATL,7,76.0,19,25,250,0,0,1,10.0,QB,
Trevor Lawrence,JAX,7,69.0,20,29,204,1,0,0,7.0,QB,
Russell Wilson,DEN,7,69.0,20,29,194,1,0,1,6.7,QB,
Tyson Bagent,CHI,7,72.4,21,29,162,1,0,1,5.6,QB,
Kenny Pickett,PIT,7,68.0,17,25,230,0,0,2,9.2,QB,
Jordan Love,GNB,7,67.7,21,31,180,2,1,0,5.8,QB,
Josh Allen,BUF,7,65.9,27,41,265,2,1,1,6.5,QB,
Tua Tagovailoa,MIA,7,71.9,23,32,216,1,1,3,6.8,QB,
Aidan O'Connell,LVR,7,76.9,10,13,75,1,1,0,5.8,QB,
Clayton Tune,ARI,7,100.0,1,1,4,0,0,0,4.0,QB,
Brock Purdy,SFO,7,70.0,21,30,272,1,2,1,9.1,QB,
Baker Mayfield,TAM,7,64.3,27,42,275,1,1,3,6.5,QB,
Derek Carr,NOR,7,60.0,33,55,301,1,1,1,5.5,QB,
Matthew Stafford,LAR,7,48.3,14,29,231,1,1,2,8.0,QB,
Justin Herbert,LAC,7,56.7,17,30,259,1,2,5,8.6,QB,
Joshua Dobbs,ARI,7,57.6,19,33,146,0,0,4,4.4,QB,
Jared Goff,DET,7,62.3,33,53,284,0,1,5,5.4,QB,
Sam Howell,WAS,7,52.4,22,42,249,0,1,6,5.9,QB,
P.J. Walker,CLE,7,46.9,15,32,178,0,1,2,5.6,QB,
Tyler Huntley,BAL,7,0.0,0,1,0,0,0,0,0.0,QB,
Brian Hoyer,LVR,7,53.1,17,32,129,0,2,1,4.0,QB,
Deshaun Watson,CLE,7,20.0,1,5,5,0,1,0,1.0,QB,
Jalen Hurts,PHI,8,76.3,29,38,319,4,0,2,8.4,QB,
Joe Burrow,CIN,8,87.5,28,32,283,3,0,3,8.8,QB,
Dak Prescott,DAL,8,80.6,25,31,304,4,1,3,9.8,QB,
Derek Carr,NOR,8,70.4,19,27,310,2,0,1,11.5,QB,
Will Levis,TEN,8,65.5,19,29,238,4,0,2,8.2,QB,
Justin Herbert,LAC,8,77.5,31,40,298,3,0,0,7.5,QB,
Kirk Cousins,MIN,8,74.2,23,31,274,2,0,2,8.8,QB,
Russell Wilson,DEN,8,63.2,12,19,114,3,0,6,6.0,QB,
Sam Howell,WAS,8,75.0,39,52,397,4,1,1,7.6,QB,
Josh Allen,BUF,8,77.5,31,40,324,2,1,2,8.1,QB,
Dorian Thompson-Robinson,CLE,8,100.0,1,1,9,0,0,0,9.0,QB,
Bryce Young,CAR,8,71.0,22,31,235,1,0,6,7.6,QB,
Tua Tagovailoa,MIA,8,66.7,30,45,324,3,1,2,7.2,QB,
Taylor Heinicke,ATL,8,57.1,12,21,175,1,0,1,8.3,QB,
Trevor Lawrence,JAX,8,75.0,24,32,292,1,1,3,9.1,QB,
Lamar Jackson,BAL,8,66.7,18,27,157,1,0,4,5.8,QB,
Brock Purdy,SFO,8,71.0,22,31,365,1,2,2,11.8,QB,
Baker Mayfield,TAM,8,59.5,25,42,237,2,0,3,5.6,QB,
Jared Goff,DET,8,70.3,26,37,272,1,1,0,7.4,QB,
Jaren Hall,MIN,8,75.0,3,4,23,0,0,1,5.8,QB,
Mac Jones,NWE,8,65.5,19,29,161,2,1,3,5.6,QB,
Desmond Ridder,ATL,8,66.7,8,12,71,0,0,5,5.9,QB,
C.J. Stroud,HOU,8,66.7,16,24,140,0,0,2,5.8,QB,
Zach Wilson,NYJ,8,47.2,17,36,240,1,0,4,6.7,QB,
Matthew Stafford,LAR,8,59.1,13,22,162,1,1,1,7.4,QB,
Geno Smith,SEA,8,62.2,23,37,254,2,2,1,6.9,QB,
Joshua Dobbs,ARI,8,67.6,25,37,208,2,2,2,5.6,QB,
Gardner Minshew II,IND,8,56.1,23,41,213,2,1,2,5.2,QB,
Kenny Pickett,PIT,8,62.5,10,16,73,0,0,1,4.6,QB,
Jordan Love,GNB,8,58.5,24,41,229,1,1,4,5.6,QB,
Cooper Rush,DAL,8,66.7,2,3,3,0,0,0,1.0,QB,
Tyrod Taylor,NYG,8,57.1,4,7,8,0,0,2,1.1,QB,
Tyson Bagent,CHI,8,67.6,25,37,232,0,2,1,6.3,QB,
Brett Rypien,LAR,8,50.0,5,10,42,0,0,1,4.2,QB,
P.J. Walker,CLE,8,48.4,15,31,248,1,2,3,8.0,QB,
Patrick Mahomes,KAN,8,63.2,24,38,240,0,2,3,6.3,QB,
Mitchell Trubisky,PIT,8,55.6,15,27,138,1,2,2,5.1,QB,
Jimmy Garoppolo,LVR,8,47.6,10,21,126,0,1,6,6.0,QB,
Tommy DeVito,NYG,8,28.6,2,7,-1,0,0,2,-0.1,QB,
C.J. Stroud,HOU,9,71.4,30,42,470,5,0,3,11.2,QB,
Jalen Hurts,PHI,9,73.9,17,23,207,2,0,3,9.0,QB,
Tyler Huntley,BAL,9,71.4,5,7,38,1,0,0,5.4,QB,
Baker Mayfield,TAM,9,70.0,21,30,265,2,0,2,8.8,QB,
Jaren Hall,MIN,9,83.3,5,6,78,0,0,0,13.0,QB,
Jordan Love,GNB,9,76.9,20,26,228,1,0,4,8.8,QB,
Dak Prescott,DAL,9,65.9,29,44,374,3,0,5,8.5,QB,
Joe Burrow,CIN,9,70.5,31,44,348,2,0,1,7.9,QB,
Derek Carr,NOR,9,73.5,25,34,211,2,0,0,6.2,QB,
Deshaun Watson,CLE,9,63.3,19,30,219,2,0,1,7.3,QB,
Patrick Mahomes,KAN,9,66.7,20,30,185,2,0,2,6.2,QB,
Joshua Dobbs,MIN,9,66.7,20,30,158,2,0,3,5.3,QB,
Lamar Jackson,BAL,9,80.8,21,26,187,0,0,1,7.2,QB,
Aidan O'Connell,LVR,9,64.0,16,25,209,0,0,0,8.4,QB,
Gardner Minshew II,IND,9,65.4,17,26,127,1,0,1,4.9,QB,
Kenny Pickett,PIT,9,63.3,19,30,160,1,0,0,5.3,QB,
Tua Tagovailoa,MIA,9,61.8,21,34,193,1,0,3,5.7,QB,
Josh Allen,BUF,9,68.4,26,38,258,1,1,1,6.8,QB,
Sam Howell,WAS,9,64.4,29,45,325,1,1,3,7.2,QB,
Zach Wilson,NYJ,9,67.3,33,49,263,0,0,8,5.4,QB,
Tommy DeVito,NYG,9,75.0,15,20,175,1,2,6,8.8,QB,
Taylor Heinicke,ATL,9,55.3,21,38,268,1,1,1,7.1,QB,
Mac Jones,NWE,9,54.5,24,44,220,1,1,0,5.0,QB,
Will Levis,TEN,9,56.4,22,39,262,0,1,4,6.7,QB,
Justin Herbert,LAC,9,53.3,16,30,136,0,0,5,4.5,QB,
Tyson Bagent,CHI,9,60.0,18,30,220,2,3,2,7.3,QB,
Daniel Jones,NYG,9,44.4,4,9,25,0,0,2,2.8,QB,
Geno Smith,SEA,9,46.4,13,28,157,0,1,4,5.6,QB,
Bryce Young,CAR,9,61.5,24,39,173,1,3,4,4.4,QB,
Brett Rypien,LAR,9,46.4,13,28,130,0,1,1,4.6,QB,
Clayton Tune,ARI,9,55.0,11,20,58,0,2,7,2.9,QB,
Brock Purdy,SFO,10,73.1,19,26,296,3,0,2,11.4,QB,
Dak Prescott,DAL,10,74.3,26,35,404,4,1,0,11.5,QB,
Jared Goff,DET,10,69.7,23,33,333,2,0,0,10.1,QB,
Russell Wilson,DEN,10,82.8,24,29,193,2,0,4,6.7,QB,
Justin Herbert,LAC,10,67.5,27,40,323,4,1,0,8.1,QB,
Sam Howell,WAS,10,65.9,29,44,312,3,0,3,7.1,QB,
Geno Smith,SEA,10,66.0,31,47,369,2,0,1,7.9,QB,
Baker Mayfield,TAM,10,62.1,18,29,278,2,1,3,9.6,QB,
Joshua Dobbs,MIN,10,67.6,23,34,268,1,0,1,7.9,QB,
Joe Burrow,CIN,10,67.5,27,40,347,2,2,4,8.7,QB,
Derek Carr,NOR,10,72.2,13,18,110,0,0,2,6.1,QB,
C.J. Stroud,HOU,10,59.0,23,39,356,1,1,1,9.1,QB,
Desmond Ridder,ATL,10,66.7,4,6,39,0,0,0,6.5,QB,
Taylor Heinicke,ATL,10,53.3,8,15,55,1,0,3,3.7,QB,
Mac Jones,NWE,10,75.0,15,20,170,0,1,5,8.5,QB,
Kenny Pickett,PIT,10,60.9,14,23,126,0,0,1,5.5,QB,
Deshaun Watson,CLE,10,58.8,20,34,213,1,1,4,6.3,QB,
Tyson Bagent,CHI,10,60.6,20,33,162,0,0,0,4.9,QB,
Aidan O'Connell,LVR,10,59.3,16,27,153,1,1,3,5.7,QB,
Jordan Love,GNB,10,52.5,21,40,289,2,2,1,7.2,QB,
Kyler Murray,ARI,10,59.4,19,32,249,0,1,2,7.8,QB,
Gardner Minshew II,IND,10,64.3,18,28,194,0,1,0,6.9,QB,
Zach Wilson,NYJ,10,59.0,23,39,263,0,1,2,6.7,QB,
Bryce Young,CAR,10,55.3,21,38,185,0,0,3,4.9,QB,
Tommy DeVito,NYG,10,51.9,14,27,86,2,1,5,3.2,QB,
Lamar Jackson,BAL,10,56.5,13,23,223,1,2,3,9.7,QB,
Josh Allen,BUF,10,57.7,15,26,177,1,2,0,6.8,QB,
Jameis Winston,NOR,10,52.0,13,25,122,2,2,1,4.9,QB,
Cooper Rush,DAL,10,77.8,7,9,68,0,1,0,7.6,QB,
C.J. Beathard,JAX,10,50.0,1,2,5,0,0,0,2.5,QB,
Sam Darnold,SFO,10,50.0,1,2,6,0,0,0,3.0,QB,
Will Levis,TEN,10,48.7,19,39,199,0,1,4,5.1,QB,
Trevor Lawrence,JAX,10,58.6,17,29,185,0,2,5,6.4,QB,
P.J. Walker,CLE,10,0.0,0,1,0,0,0,0,0.0,QB,
Bailey Zappe,NWE,10,42.9,3,7,25,0,1,0,3.6,QB,
Brock Purdy,SFO,11,84.0,21,25,333,3,0,4,13.3,QB,
Will Levis,TEN,11,76.5,13,17,158,2,0,2,9.3,QB,
Tommy DeVito,NYG,11,69.2,18,26,246,3,0,9,9.5,QB,
Lamar Jackson,BAL,11,61.5,16,26,264,2,0,3,10.2,QB,
Trevor Lawrence,JAX,11,75.0,24,32,262,2,0,1,8.2,QB,
Jordan Love,GNB,11,67.5,27,40,322,2,0,3,8.1,QB,
Josh Allen,BUF,11,62.5,20,32,275,3,1,1,8.6,QB,
Russell Wilson,DEN,11,77.1,27,35,259,1,0,2,7.4,QB,
Justin Fields,CHI,11,69.6,16,23,169,1,0,2,7.3,QB,
Tua Tagovailoa,MIA,11,71.8,28,39,325,2,1,1,8.3,QB,
Joe Burrow,CIN,11,64.7,11,17,101,1,0,2,5.9,QB,
Justin Herbert,LAC,11,58.3,21,36,260,2,0,2,7.2,QB,
Dak Prescott,DAL,11,65.8,25,38,189,2,0,0,5.0,QB,
Geno Smith,SEA,11,64.7,22,34,233,1,0,2,6.9,QB,
Jake Browning,CIN,11,57.1,8,14,68,1,0,3,4.9,QB,
C.J. Stroud,HOU,11,73.0,27,37,336,2,3,3,9.1,QB,
Kyler Murray,ARI,11,66.7,20,30,214,1,1,3,7.1,QB,
Joshua Dobbs,MIN,11,62.5,20,32,221,1,1,2,6.9,QB,
Davis Mills,HOU,11,100.0,1,1,2,0,0,0,2.0,QB,
Cooper Rush,DAL,11,66.7,2,3,15,0,0,0,5.0,QB,
Baker Mayfield,TAM,11,64.4,29,45,246,1,1,4,5.5,QB,
Patrick Mahomes,KAN,11,55.8,24,43,177,2,1,1,4.1,QB,
Matthew Stafford,LAR,11,54.8,17,31,190,1,1,1,6.1,QB,
Jared Goff,DET,11,65.7,23,35,236,2,3,2,6.7,QB,
Jalen Hurts,PHI,11,63.6,14,22,150,0,1,5,6.8,QB,
Bryce Young,CAR,11,55.2,16,29,123,1,1,7,4.2,QB,
Sam Howell,WAS,11,68.9,31,45,256,1,3,4,5.7,QB,
Kenny Pickett,PIT,11,53.6,15,28,106,0,0,3,3.8,QB,
Zach Wilson,NYJ,11,46.7,7,15,81,1,1,5,5.4,QB,
Aidan O'Connell,LVR,11,58.5,24,41,271,1,3,2,6.6,QB,
Dorian Thompson-Robinson,CLE,11,55.8,24,43,165,0,1,1,3.8,QB,
Tim Boyle,NYJ,11,50.0,7,14,33,0,1,1,2.4,QB,
Drew Lock,SEA,11,33.3,2,6,3,0,1,0,0.5,QB,
Dak Prescott,DAL,12,68.8,22,32,331,4,0,0,10.3,QB,
Jordan Love,GNB,12,68.8,22,32,268,3,0,0,8.4,QB,
Patrick Mahomes,KAN,12,79.4,27,34,298,2,0,1,8.8,QB,
Matthew Stafford,LAR,12,75.8,25,33,229,4,1,0,6.9,QB,
C.J. Stroud,HOU,12,72.2,26,36,304,2,0,4,8.4,QB,
Tommy DeVito,NYG,12,68.0,17,25,191,1,0,6,7.6,QB,
Jared Goff,DET,12,65.9,29,44,332,2,0,3,7.5,QB,
Aidan O'Connell,LVR,12,69.7,23,33,248,1,0,1,7.5,QB,
Kenny Pickett,PIT,12,72.7,24,33,278,0,0,2,8.4,QB,
Jake Browning,CIN,12,73.1,19,26,227,1,1,4,8.7,QB,
Jalen Hurts,PHI,12,58.1,18,31,200,3,1,2,6.5,QB,
Baker Mayfield,TAM,12,66.7,20,30,199,2,1,6,6.6,QB,
Russell Wilson,DEN,12,59.1,13,22,134,1,0,1,6.1,QB,
Trevor Lawrence,JAX,12,60.5,23,38,364,1,1,0,9.6,QB,
Justin Fields,CHI,12,73.0,27,37,217,0,0,3,5.9,QB,
Brock Purdy,SFO,12,70.0,21,30,209,1,1,1,7.0,QB,
Will Levis,TEN,12,64.3,18,28,185,0,0,1,6.6,QB,
Kyler Murray,ARI,12,60.0,27,45,256,1,0,4,5.7,QB,
Lamar Jackson,BAL,12,56.3,18,32,177,1,0,2,5.5,QB,
Josh Allen,BUF,12,56.9,29,51,339,2,1,1,6.6,QB,
Tua Tagovailoa,MIA,12,70.0,21,30,243,1,2,2,8.1,QB,
Derek Carr,NOR,12,63.2,24,38,304,0,1,1,8.0,QB,
Bryce Young,CAR,12,58.1,18,31,194,0,0,4,6.3,QB,
Justin Herbert,LAC,12,65.9,29,44,217,1,1,3,4.9,QB,
Sam Howell,WAS,12,63.6,28,44,300,0,1,4,6.8,QB,
Dorian Thompson-Robinson,CLE,12,48.3,14,29,134,1,0,0,4.6,QB,
Geno Smith,SEA,12,66.7,18,27,180,0,1,6,6.7,QB,
Tim Boyle,NYJ,12,71.1,27,38,179,1,2,7,4.7,QB,
Gardner Minshew II,IND,12,58.5,24,41,251,0,1,2,6.1,QB,
Desmond Ridder,ATL,12,61.9,13,21,168,1,2,0,8.0,QB,
P.J. Walker,CLE,12,46.2,6,13,56,0,0,4,4.3,QB,
Joshua Dobbs,MIN,12,68.8,22,32,185,1,4,2,5.8,QB,
Bailey Zappe,NWE,12,64.3,9,14,54,0,1,1,3.9,QB,
Kyle Trask,TAM,12,0.0,0,1,0,0,0,0,0.0,QB,
Mac Jones,NWE,12,57.1,12,21,89,0,2,1,4.2,QB,
Brock Purdy,SFO,13,70.4,19,27,314,4,0,2,11.6,QB,
Tua Tagovailoa,MIA,13,75.0,18,24,280,2,0,0,11.7,QB,
Trevor Lawrence,JAX,13,75.9,22,29,258,2,0,2,8.9,QB,
Davis Mills,HOU,13,100.0,1,1,18,0,0,0,18.0,QB,
Jordan Love,GNB,13,69.4,25,36,267,3,0,2,7.4,QB,
Jared Goff,DET,13,64.0,16,25,213,2,0,1,8.5,QB,
Dak Prescott,DAL,13,70.7,29,41,299,3,0,4,7.3,QB,
Jake Browning,CIN,13,86.5,32,37,354,1,0,2,9.6,QB,
Matthew Stafford,LAR,13,59.5,22,37,279,3,0,0,7.5,QB,
C.J. Stroud,HOU,13,59.3,16,27,274,1,0,5,10.1,QB,
Derek Carr,NOR,13,77.3,17,22,226,1,1,2,10.3,QB,
Mitchell Trubisky,PIT,13,64.7,11,17,117,1,0,0,6.9,QB,
Gardner Minshew II,IND,13,61.9,26,42,312,2,0,3,7.4,QB,
Geno Smith,SEA,13,56.1,23,41,334,3,1,0,8.1,QB,
C.J. Beathard,JAX,13,90.0,9,10,63,0,0,2,6.3,QB,
Kyler Murray,ARI,13,56.5,13,23,145,1,0,2,6.3,QB,
Kenny Pickett,PIT,13,70.0,7,10,70,0,0,0,7.0,QB,
Jalen Hurts,PHI,13,57.8,26,45,298,1,0,3,6.6,QB,
Will Levis,TEN,13,48.5,16,33,224,1,0,6,6.8,QB,
Marcus Mariota,PHI,13,66.7,2,3,16,0,0,0,5.3,QB,
Mike White,MIA,13,100.0,1,1,3,0,0,0,3.0,QB,
Patrick Mahomes,KAN,13,63.6,21,33,210,1,1,3,6.4,QB,
Justin Herbert,LAC,13,59.5,22,37,212,0,0,0,5.7,QB,
Joe Flacco,CLE,13,52.3,23,44,254,2,1,2,5.8,QB,
Desmond Ridder,ATL,13,44.4,12,27,121,1,0,3,4.5,QB,
Jameis Winston,NOR,13,40.0,2,5,41,0,0,0,8.2,QB,
Bailey Zappe,NWE,13,52.0,13,25,141,0,0,5,5.6,QB,
Baker Mayfield,TAM,13,48.3,14,29,202,1,1,1,7.0,QB,
Tim Boyle,NYJ,13,56.0,14,25,148,0,1,1,5.9,QB,
Trevor Siemian,NYJ,13,38.5,5,13,66,0,0,3,5.1,QB,
Russell Wilson,DEN,13,57.7,15,26,186,1,3,3,7.2,QB,
Bryce Young,CAR,13,48.4,15,31,178,0,1,4,5.7,QB,
Sam Howell,WAS,13,52.2,12,23,127,0,1,3,5.5,QB,
Jake Browning,CIN,14,75.0,18,24,275,2,1,0,11.5,QB,
Brock Purdy,SFO,14,70.4,19,27,368,2,1,3,13.6,QB,
Zach Wilson,NYJ,14,75.0,27,36,301,2,0,4,8.4,QB,
Bailey Zappe,NWE,14,67.9,19,28,240,3,1,2,8.6,QB,
Tommy DeVito,NYG,14,81.0,17,21,158,1,0,0,7.5,QB,
Matthew Stafford,LAR,14,56.1,23,41,294,3,0,2,7.2,QB,
Dak Prescott,DAL,14,61.5,24,39,271,2,0,3,6.9,QB,
Lamar Jackson,BAL,14,55.8,24,43,316,3,1,2,7.3,QB,
Joe Flacco,CLE,14,57.8,26,45,311,3,1,1,6.9,QB,
Drew Lock,SEA,14,71.0,22,31,269,2,2,4,8.7,QB,
Russell Wilson,DEN,14,63.6,21,33,224,2,1,2,6.8,QB,
Tua Tagovailoa,MIA,14,69.7,23,33,240,0,0,5,7.3,QB,
Desmond Ridder,ATL,14,65.0,26,40,347,1,1,3,8.7,QB,
Derek Carr,NOR,14,69.2,18,26,119,2,1,1,4.6,QB,
Justin Fields,CHI,14,57.6,19,33,223,1,0,3,6.8,QB,
Jalen Hurts,PHI,14,66.7,18,27,197,0,0,1,7.3,QB,
Nick Mullens,MIN,14,69.2,9,13,83,0,0,0,6.4,QB,
Will Levis,TEN,14,60.5,23,38,327,1,1,1,8.6,QB,
Baker Mayfield,TAM,14,48.3,14,29,144,2,0,1,5.0,QB,
Gardner Minshew II,IND,14,66.7,26,39,240,1,1,3,6.2,QB,
A.J. McCarron,CIN,14,100.0,1,1,-1,0,0,0,-1.0,QB,
Easton Stick,LAC,14,54.2,13,24,179,0,0,2,7.5,QB,
Jordan Love,GNB,14,64.1,25,39,218,1,1,2,5.6,QB,
Patrick Mahomes,KAN,14,58.1,25,43,271,1,1,1,6.3,QB,
Mitchell Trubisky,PIT,14,62.9,22,35,190,1,1,2,5.4,QB,
Josh Allen,BUF,14,54.8,23,42,233,1,1,3,5.5,QB,
Aidan O'Connell,LVR,14,65.6,21,32,171,0,1,4,5.3,QB,
Trevor Lawrence,JAX,14,56.0,28,50,257,3,3,4,5.1,QB,
C.J. Stroud,HOU,14,43.5,10,23,91,0,0,4,4.0,QB,
Jared Goff,DET,14,57.1,20,35,161,1,2,4,4.6,QB,
Joshua Dobbs,MIN,14,43.5,10,23,63,0,0,5,2.7,QB,
Bryce Young,CAR,14,36.1,13,36,137,0,0,4,3.8,QB,
Justin Herbert,LAC,14,52.9,9,17,96,0,1,4,5.6,QB,
Davis Mills,HOU,14,20.0,1,5,4,0,0,1,0.8,QB,
Baker Mayfield,TAM,15,78.6,22,28,381,4,0,5,13.6,QB,
Jacoby Brissett,WAS,15,80.0,8,10,124,2,0,0,12.4,QB,
Brock Purdy,SFO,15,64.0,16,25,242,4,0,0,9.7,QB,
Derek Carr,NOR,15,82.1,23,28,218,3,0,1,7.8,QB,
Jared Goff,DET,15,70.6,24,34,278,5,0,2,8.2,QB,
Gardner Minshew II,IND,15,64.3,18,28,215,3,0,3,7.7,QB,
Aidan O'Connell,LVR,15,58.8,20,34,248,4,0,1,7.3,QB,
Tua Tagovailoa,MIA,15,87.5,21,24,224,1,0,3,9.3,QB,
Matthew Stafford,LAR,15,75.8,25,33,258,2,0,3,7.8,QB,
Easton Stick,LAC,15,71.9,23,32,257,3,1,3,8.0,QB,
Jordan Love,GNB,15,74.4,29,39,284,2,0,2,7.3,QB,
Nick Mullens,MIN,15,78.8,26,33,303,2,2,3,9.2,QB,
Jake Browning,CIN,15,69.0,29,42,324,2,1,4,7.7,QB,
Drew Lock,SEA,15,66.7,22,33,208,1,0,2,6.3,QB,
Bryce Young,CAR,15,75.0,18,24,167,0,0,3,7.0,QB,
Patrick Mahomes,KAN,15,73.0,27,37,305,2,2,3,8.2,QB,
Josh Allen,BUF,15,46.7,7,15,94,1,0,1,6.3,QB,
Russell Wilson,DEN,15,56.3,18,32,223,1,0,2,7.0,QB,
Dorian Thompson-Robinson,CLE,15,100.0,1,1,5,0,0,0,5.0,QB,
Sam Darnold,SFO,15,66.7,2,3,20,0,0,0,6.7,QB,
Bailey Zappe,NWE,15,74.2,23,31,180,1,1,4,5.8,QB,
Trevor Lawrence,JAX,15,58.1,25,43,264,1,0,1,6.1,QB,
Desmond Ridder,ATL,15,60.0,12,20,152,1,1,0,7.6,QB,
Case Keenum,HOU,15,63.9,23,36,229,1,1,3,6.4,QB,
Mike White,MIA,15,100.0,2,2,4,0,0,0,2.0,QB,
Joe Flacco,CLE,15,63.6,28,44,374,2,3,4,8.5,QB,
Lamar Jackson,BAL,15,58.3,14,24,171,1,1,3,7.1,QB,
Tommy DeVito,NYG,15,58.8,20,34,177,0,0,7,5.2,QB,
Will Levis,TEN,15,65.4,17,26,199,0,1,7,7.7,QB,
Mason Rudolph,PIT,15,66.7,2,3,3,0,0,1,1.0,QB,
Mitchell Trubisky,PIT,15,69.6,16,23,169,1,2,3,7.3,QB,
Kyler Murray,ARI,15,66.7,26,39,211,1,2,3,5.4,QB,
Dak Prescott,DAL,15,61.8,21,34,134,0,1,3,3.9,QB,
Tyrod Taylor,NYG,15,50.0,2,4,13,0,0,0,3.3,QB,
Sam Howell,WAS,15,42.3,11,26,102,1,1,1,3.9,QB,
Justin Fields,CHI,15,47.5,19,40,166,1,2,3,4.2,QB,
Zach Wilson,NYJ,15,36.4,4,11,26,0,0,4,2.4,QB,
Jalen Hurts,PHI,15,54.8,17,31,143,0,2,0,4.6,QB,
Trevor Siemian,NYJ,15,53.8,14,26,110,0,2,2,4.2,QB,
Mason Rudolph,PIT,16,63.0,17,27,290,2,0,1,10.7,QB,
Jacoby Brissett,WAS,16,76.9,10,13,100,1,0,0,7.7,QB,
Matthew Stafford,LAR,16,70.6,24,34,328,2,0,1,9.6,QB,
Bailey Zappe,NWE,16,75.8,25,33,256,2,0,2,7.8,QB,
Baker Mayfield,TAM,16,74.3,26,35,283,2,0,2,8.1,QB,
C.J. Beathard,JAX,16,73.3,11,15,94,1,0,1,6.3,QB,
Bryce Young,CAR,16,63.9,23,36,312,2,0,2,8.7,QB,
Jordan Love,GNB,16,60.7,17,28,219,2,0,1,7.8,QB,
Dak Prescott,DAL,16,62.5,20,32,253,2,0,4,7.9,QB,
Derek Carr,NOR,16,67.5,27,40,319,3,1,2,8.0,QB,
Lamar Jackson,BAL,16,65.7,23,35,252,2,0,2,7.2,QB,
Josh Allen,BUF,16,71.4,15,21,237,1,1,1,11.3,QB,
Geno Smith,SEA,16,69.4,25,36,227,2,0,3,6.3,QB,
Russell Wilson,DEN,16,67.6,25,37,238,2,0,5,6.4,QB,
Jared Goff,DET,16,75.0,30,40,257,1,0,1,6.4,QB,
Taylor Heinicke,ATL,16,69.7,23,33,229,1,0,1,6.9,QB,
Tua Tagovailoa,MIA,16,64.9,24,37,293,1,0,1,7.9,QB,
Kyler Murray,ARI,16,63.2,24,38,230,2,0,2,6.1,QB,
Joe Flacco,CLE,16,64.3,27,42,368,3,2,0,8.8,QB,
Easton Stick,LAC,16,69.7,23,33,215,0,0,5,6.5,QB,
Jalen Hurts,PHI,16,63.2,24,38,301,1,1,1,7.9,QB,
Ryan Tannehill,TEN,16,69.2,18,26,152,0,0,6,5.8,QB,
Davis Mills,HOU,16,46.9,15,32,149,2,0,0,4.7,QB,
Nick Mullens,MIN,16,61.1,22,36,411,2,4,4,11.4,QB,
Patrick Mahomes,KAN,16,61.4,27,44,235,1,1,4,5.3,QB,
Justin Fields,CHI,16,55.6,15,27,170,1,1,1,6.3,QB,
Jake Browning,CIN,16,66.7,28,42,335,1,3,3,8.0,QB,
Tyrod Taylor,NYG,16,43.8,7,16,133,1,1,0,8.3,QB,
Sam Darnold,SFO,16,57.1,8,14,81,1,1,2,5.8,QB,
Trevor Siemian,NYJ,16,55.1,27,49,217,1,1,0,4.4,QB,
Trevor Lawrence,JAX,16,58.6,17,29,211,1,2,3,7.3,QB,
Tommy DeVito,NYG,16,56.3,9,16,55,0,0,1,3.4,QB,
Gardner Minshew II,IND,16,54.1,20,37,201,0,1,6,5.4,QB,
Dorian Thompson-Robinson,CLE,16,50.0,1,2,6,0,0,1,3.0,QB,
Aidan O'Connell,LVR,16,42.9,9,21,62,0,0,2,3.0,QB,
Brock Purdy,SFO,16,56.3,18,32,255,0,4,2,8.0,QB,
Case Keenum,HOU,16,64.7,11,17,62,0,2,3,3.6,QB,
Sam Howell,WAS,16,27.3,6,22,56,0,2,1,2.5,QB,
Tyler Huntley,BAL,17,100.0,1,1,19,1,0,0,19.0,QB,
Lamar Jackson,BAL,17,85.7,18,21,321,5,0,1,15.3,QB,
Jordan Love,GNB,17,72.7,24,33,256,3,0,0,7.8,QB,
Brock Purdy,SFO,17,78.6,22,28,230,2,0,0,8.2,QB,
Joe Flacco,CLE,17,65.5,19,29,309,3,1,1,10.7,QB,
Sean Clifford,GNB,17,100.0,1,1,37,0,0,0,37.0,QB,
Jalen Hurts,PHI,17,78.3,18,23,167,3,1,0,7.3,QB,
Kyler Murray,ARI,17,80.6,25,31,232,3,1,1,7.5,QB,
Mason Rudolph,PIT,17,75.0,18,24,274,0,0,1,11.4,QB,
Gardner Minshew II,IND,17,65.2,15,23,224,1,0,1,9.7,QB,
Derek Carr,NOR,17,75.0,24,32,197,2,0,1,6.2,QB,
Patrick Mahomes,KAN,17,72.4,21,29,245,1,0,2,8.4,QB,
Geno Smith,SEA,17,69.7,23,33,290,1,0,1,8.8,QB,
Dak Prescott,DAL,17,68.4,26,38,345,2,1,3,9.1,QB,
C.J. Stroud,HOU,17,75.0,24,32,213,1,0,1,6.7,QB,
Ryan Tannehill,TEN,17,80.0,16,20,168,0,0,5,8.4,QB,
Justin Fields,CHI,17,62.5,20,32,268,1,0,3,8.4,QB,
Aidan O'Connell,LVR,17,63.8,30,47,299,2,0,2,6.4,QB,
Jarrett Stidham,DEN,17,62.5,20,32,224,1,0,2,7.0,QB,
C.J. Beathard,JAX,17,70.8,17,24,178,0,0,3,7.4,QB,
Baker Mayfield,TAM,17,66.7,22,33,309,2,2,2,9.4,QB,
Nick Mullens,MIN,17,59.1,13,22,113,1,0,1,5.1,QB,
Tyrod Taylor,NYG,17,65.9,27,41,319,1,1,6,7.8,QB,
Jake Browning,CIN,17,57.6,19,33,197,1,0,6,6.0,QB,
Matthew Stafford,LAR,17,70.6,24,34,317,1,2,4,9.3,QB,
Trevor Siemian,NYJ,17,71.1,32,45,261,1,1,2,5.8,QB,
Easton Stick,LAC,17,63.2,24,38,220,0,0,1,5.8,QB,
Tua Tagovailoa,MIA,17,57.9,22,38,237,2,2,3,6.2,QB,
Jared Goff,DET,17,55.9,19,34,271,1,2,1,8.0,QB,
Sam Howell,WAS,17,60.7,17,28,169,1,2,1,6.0,QB,
Josh Allen,BUF,17,50.0,15,30,169,0,1,1,5.6,QB,
Bryce Young,CAR,17,59.4,19,32,112,0,1,6,3.5,QB,
Bailey Zappe,NWE,17,61.5,16,26,209,0,3,3,8.0,QB,
Desmond Ridder,ATL,17,75.0,3,4,17,0,1,0,4.3,QB,
Will Levis,TEN,17,33.3,2,6,16,0,0,1,2.7,QB,
Jaren Hall,MIN,17,50.0,5,10,67,0,1,3,6.7,QB,
Taylor Heinicke,ATL,17,34.5,10,29,163,1,3,2,5.6,QB,
Derek Carr,NOR,18,78.6,22,28,264,4,0,2,9.4,QB,
C.J. Stroud,HOU,18,76.9,20,26,264,2,0,2,10.2,QB,
Jordan Love,GNB,18,84.4,27,32,316,2,0,1,9.9,QB,
Jared Goff,DET,18,71.9,23,32,320,2,0,1,10.0,QB,
Dak Prescott,DAL,18,86.1,31,36,279,4,1,0,7.8,QB,
Mason Rudolph,PIT,18,90.0,18,20,152,1,0,3,7.6,QB,
Jake Browning,CIN,18,75.0,18,24,156,3,1,2,6.5,QB,
Desmond Ridder,ATL,18,73.3,22,30,291,2,1,0,9.7,QB,
Kyler Murray,ARI,18,73.3,22,30,262,1,0,1,8.7,QB,
Aidan O'Connell,LVR,18,64.5,20,31,244,2,0,2,7.9,QB,
Josh Allen,BUF,18,78.9,30,38,359,2,2,3,9.4,QB,
Geno Smith,SEA,18,57.1,16,28,189,2,0,0,6.8,QB,
Carson Wentz,LAR,18,70.8,17,24,163,2,1,2,6.8,QB,
Tyrod Taylor,NYG,18,71.9,23,32,297,1,1,1,9.3,QB,
Justin Fields,CHI,18,68.8,11,16,148,0,0,5,9.3,QB,
Sam Darnold,SFO,18,61.5,16,26,189,1,0,3,7.3,QB,
Tommy DeVito,NYG,18,100.0,2,2,14,0,0,1,7.0,QB,
Cooper Rush,DAL,18,75.0,3,4,30,0,0,0,7.5,QB,
Ryan Tannehill,TEN,18,65.4,17,26,168,2,1,2,6.5,QB,
Nick Mullens,MIN,18,68.2,30,44,396,2,2,4,9.0,QB,
A.J. McCarron,CIN,18,75.0,3,4,20,0,0,1,5.0,QB,
Marcus Mariota,PHI,18,65.0,13,20,148,1,1,3,7.4,QB,
Jarrett Stidham,DEN,18,58.8,20,34,272,1,1,5,8.0,QB,
Trevor Lawrence,JAX,18,67.4,29,43,280,2,2,0,6.5,QB,
Tyler Huntley,BAL,18,53.6,15,28,146,1,0,4,5.2,QB,
Bryce Young,CAR,18,61.1,11,18,94,0,0,3,5.2,QB,
Easton Stick,LAC,18,59.6,28,47,258,0,0,3,5.5,QB,
Baker Mayfield,TAM,18,62.5,20,32,137,0,0,3,4.3,QB,
Gardner Minshew II,IND,18,54.2,13,24,141,0,0,1,5.9,QB,
Sam Howell,WAS,18,70.4,19,27,153,1,2,4,5.7,QB,
Jeff Driskel,CLE,18,50.0,13,26,166,2,2,3,6.4,QB,
Tua Tagovailoa,MIA,18,63.0,17,27,173,1,2,0,6.4,QB,
Logan Woodside,ATL,18,75.0,3,4,27,0,1,1,6.8,QB,
Blaine Gabbert,KAN,18,50.0,15,30,154,0,1,1,5.1,QB,
Trevor Siemian,NYJ,18,40.0,8,20,70,0,0,1,3.5,QB,
Jimmy Garoppolo,LVR,18,0.0,0,1,0,0,0,1,0.0,QB,
Jalen Hurts,PHI,18,43.8,7,16,55,0,1,2,3.4,QB,
Bailey Zappe,NWE,18,40.0,12,30,88,0,2,7,2.9,QB,
