Fantasy Rank,Player,Team,Fantasy Position,Age,Games Played,Games Started,Passes Completed,Passes Attempted,Passing Yards,Passing Touchdowns,Interceptions,Rushing Attempts,Rushing Yards,Rushing Yards Per Attempt,Pass Targets,Receptions,Receiving Yards,Receiving Yards Per Reception,Fumbles,Fumbles Lost,Touchdowns,Fantasy Points,Position Rank
1,Christian McCaffrey*+,SFO,RB,27,16,16,0,0,0,0,0,272,1459,5.36,83,67,564,8.42,3,2,21,391.3,1
2,CeeDee Lamb*+,DAL,WR,24,17,17,0,0,0,0,0,14,113,8.07,181,135,1749,12.96,3,2,14,403.2,1
3,Josh Allen,BUF,QB,27,17,17,385,579,4306,29,18,111,524,4.72,0,0,0,,7,4,15,392.6,1
4,Tyreek Hill*+,MIA,WR,29,16,16,0,0,0,0,0,6,15,2.5,171,119,1799,15.12,1,1,13,376.4,2
5,Jalen Hurts*,PHI,QB,25,17,17,352,538,3858,23,15,157,605,3.85,0,0,0,,9,5,15,356.8,2
6,Raheem Mostert*,MIA,RB,31,15,15,0,0,0,0,0,209,1012,4.84,32,25,175,7,4,1,21,267.7,2
7,Amon-Ra St. Brown*+,DET,WR,24,16,16,0,0,0,0,0,4,24,6,164,119,1515,12.73,1,1,10,330.9,3
8,Dak Prescott*,DAL,QB,30,17,17,410,590,4516,36,9,55,242,4.4,0,0,0,,4,2,2,342.8,3
9,Mike Evans*,TAM,WR,30,17,17,0,0,0,0,0,0,0,,136,79,1255,15.89,0,0,13,282.5,4
10,Lamar Jackson*+,BAL,QB,26,16,16,307,457,3678,24,7,148,821,5.55,0,0,0,,11,6,5,331.2,4
11,Sam LaPorta*,DET,TE,22,17,14,0,0,0,0,0,1,4,4,120,86,889,10.34,0,0,10,239.3,1
12,Travis Etienne,JAX,RB,24,17,17,0,0,0,0,0,267,1008,3.78,73,58,476,8.21,0,0,12,282.4,3
13,Kyren Williams*,LAR,RB,23,12,11,0,0,0,0,0,228,1144,5.02,48,32,206,6.44,3,2,15,255,4
14,Puka Nacua*,LAR,WR,22,17,17,0,0,0,0,0,12,89,7.42,160,105,1486,14.15,1,0,6,298.5,5
15,D.J. Moore,CHI,WR,26,17,17,0,0,0,0,0,4,21,5.25,136,96,1364,14.21,1,1,9,286.5,6
16,Derrick Henry*,TEN,RB,29,17,17,2,3,14,2,0,280,1167,4.17,36,28,214,7.64,0,0,12,246.7,5
17,Joe Mixon,CIN,RB,27,17,17,0,0,0,0,0,257,1034,4.02,64,52,376,7.23,0,0,12,267,6
18,Jordan Love,GNB,QB,25,17,17,372,579,4159,32,11,50,247,4.94,0,0,0,,9,3,4,319.1,5
19,Breece Hall,NYJ,RB,22,17,16,0,0,0,0,0,223,994,4.46,95,76,591,7.78,2,0,9,290.5,7
20,A.J. Brown*,PHI,WR,26,17,17,0,0,0,0,0,0,0,,158,106,1456,13.74,2,2,7,289.6,8
21,Deebo Samuel,SFO,WR,27,15,15,0,1,0,0,0,37,225,6.08,89,60,892,14.87,1,0,12,243.7,7
22,George Kittle*+,SFO,TE,30,16,16,0,0,0,0,0,1,2,2,90,65,1020,15.69,0,0,6,203.2,2
23,Nico Collins,HOU,WR,24,15,10,0,0,0,0,0,1,7,7,109,80,1297,16.21,1,0,8,260.4,9
24,Rachaad White,TAM,RB,24,17,17,0,0,0,0,0,272,990,3.64,70,64,549,8.58,3,2,9,267.9,8
25,Brandon Aiyuk,SFO,WR,25,16,16,0,0,0,0,0,0,0,,105,75,1342,17.89,1,1,7,249.2,10
26,Travis Kelce*,KAN,TE,34,15,15,0,0,0,0,0,0,0,,121,93,984,10.58,1,1,5,219.4,3
27,Keenan Allen*,LAC,WR,31,13,13,1,2,49,1,0,2,6,3,150,108,1243,11.51,2,1,7,278.9,11
28,T.J. Hockenson,MIN,TE,26,15,11,0,0,0,0,0,0,0,,127,95,960,10.11,1,1,5,219,4
29,Stefon Diggs*,BUF,WR,30,17,17,0,0,0,0,0,1,5,5,160,107,1183,11.06,2,1,8,273.8,12
30,David Njoku*,CLE,TE,27,16,16,0,0,0,0,0,0,0,,123,81,882,10.89,2,2,6,201.2,5
31,Brock Purdy*,SFO,QB,24,16,16,308,444,4280,31,11,39,144,3.69,0,0,0,,6,2,2,295.6,6
32,David Montgomery,DET,RB,26,14,14,0,0,0,0,0,219,1015,4.63,24,16,117,7.31,2,1,13,207.2,9
33,Ja'Marr Chase*,CIN,WR,23,16,16,1,1,-7,0,0,3,-6,-2,145,100,1216,12.16,1,0,7,262.7,13
34,Davante Adams,LVR,WR,31,17,17,0,0,0,0,0,0,0,,175,103,1144,11.11,0,0,8,265.4,14
35,Jahmyr Gibbs*,DET,RB,21,15,3,0,0,0,0,0,182,945,5.19,71,52,316,6.08,2,1,11,242.1,10
36,Evan Engram*,JAX,TE,29,17,15,0,0,0,0,0,0,0,,143,114,963,8.45,3,2,4,230.3,6
37,James Cook*,BUF,RB,24,17,13,0,0,0,0,0,237,1122,4.73,54,44,445,10.11,4,2,6,232.7,11
38,Bijan Robinson,ATL,RB,21,17,16,0,0,0,0,0,214,976,4.56,86,58,487,8.4,4,3,8,246.3,12
39,D.K. Metcalf*,SEA,WR,26,16,16,0,0,0,0,0,0,0,,119,66,1114,16.88,0,0,8,225.4,15
40,Jared Goff,DET,QB,29,17,17,407,605,4575,30,12,32,21,0.66,0,0,0,,6,4,2,289.1,7
41,Taysom Hill,NOR,TE,33,16,7,6,11,83,1,0,81,401,4.95,40,33,291,8.82,1,1,6,143.5,7
42,Amari Cooper*,CLE,WR,29,15,15,0,0,0,0,0,0,0,,128,72,1250,17.36,2,1,5,227,16
43,Saquon Barkley,NYG,RB,26,14,14,0,0,0,0,0,247,962,3.89,60,41,280,6.83,2,2,10,223.2,13
44,Calvin Ridley,JAX,WR,29,17,17,0,0,0,0,0,9,23,2.56,136,76,1016,13.37,1,0,8,229.9,17
45,Jayden Reed,GNB,WR,23,16,13,0,0,0,0,0,11,119,10.82,94,64,793,12.39,2,0,10,217.2,18
46,Cole Kmet,CHI,TE,24,17,17,0,0,0,0,0,3,2,0.67,90,73,719,9.85,1,0,6,181.1,8
47,Jordan Addison,MIN,WR,21,17,14,0,0,0,0,0,1,2,2,108,70,911,13.01,0,0,10,221.3,19
48,Jake Ferguson*,DAL,TE,24,17,16,0,0,0,0,0,0,0,,102,71,761,10.72,0,0,5,177.1,9
49,DeAndre Hopkins,TEN,WR,31,17,16,0,1,0,0,0,2,9,4.5,137,75,1057,14.09,0,0,7,223.6,20
50,Patrick Mahomes*,KAN,QB,28,16,16,401,597,4183,27,14,75,389,5.19,0,0,0,,5,3,0,280.2,8
51,Jakobi Meyers,LVR,WR,27,16,16,2,3,12,1,0,4,24,6,106,71,807,11.37,0,0,10,218.6,21
52,James Conner,ARI,RB,28,13,13,0,0,0,0,0,208,1040,5,33,27,165,6.11,0,0,9,201.5,15
53,Gus Edwards,BAL,RB,28,17,9,0,0,0,0,0,198,810,4.09,13,12,180,15,3,2,13,187,14
54,DeVonta Smith,PHI,WR,25,16,16,0,0,0,0,0,0,0,,112,81,1066,13.16,1,1,7,227.6,22
55,George Pickens,PIT,WR,22,17,16,0,0,0,0,0,3,18,6,106,63,1140,18.1,3,0,5,208.8,23
56,Trey McBride,ARI,TE,24,17,12,0,0,0,0,0,0,0,,106,81,825,10.19,1,0,3,181.5,10
57,Chris Olave,NOR,WR,23,16,11,0,0,0,0,0,0,0,,138,87,1123,12.91,0,0,5,231.3,24
58,C.J. Stroud*,HOU,QB,22,15,15,319,499,4108,23,5,39,167,4.28,1,1,0,0,8,4,3,276,9
59,Kenneth Walker III,SEA,RB,23,15,15,0,0,0,0,0,219,905,4.13,37,29,259,8.93,1,0,9,199.4,16
60,Baker Mayfield*,TAM,QB,28,17,17,364,566,4044,28,10,62,163,2.63,0,0,0,,8,3,1,274.1,10
61,Isiah Pacheco,KAN,RB,24,14,13,0,0,0,0,0,205,935,4.56,49,44,244,5.55,1,1,9,213.9,17
62,Michael Pittman Jr.,IND,WR,26,16,15,0,0,0,0,0,0,0,,156,109,1152,10.57,2,1,4,250.2,25
63,Tony Pollard,DAL,RB,26,17,17,0,0,0,0,0,252,1005,3.99,67,55,311,5.65,3,1,6,222.6,18
64,Jerome Ford,CLE,RB,24,17,12,0,0,0,0,0,204,813,3.99,63,44,319,7.25,1,1,9,211.2,19
65,Najee Harris,PIT,RB,25,17,17,0,0,0,0,0,255,1035,4.06,38,29,170,5.86,2,1,8,195.5,20
66,Tua Tagovailoa*,MIA,QB,25,17,17,388,560,4624,29,14,35,74,2.11,0,0,0,,13,5,0,270.4,11
67,Dalton Schultz,HOU,TE,27,15,8,0,0,0,0,0,0,0,,88,59,635,10.76,1,1,5,150.5,11
68,Mark Andrews,BAL,TE,28,10,9,0,0,0,0,0,1,0,0,61,45,544,12.09,1,0,6,135.4,12
69,De'Von Achane,MIA,RB,22,11,4,0,0,0,0,0,103,800,7.77,37,27,197,7.3,1,1,11,190.7,21
70,Justin Jefferson,MIN,WR,24,10,9,0,1,0,0,0,1,-12,-12,100,68,1074,15.79,1,1,5,202.2,26
71,Brian Robinson Jr.,WAS,RB,24,15,15,0,0,0,0,0,178,733,4.12,43,36,368,10.22,4,2,9,198.1,22
72,Rashee Rice,KAN,WR,23,16,8,0,0,0,0,0,1,-3,-3,102,79,938,11.87,2,1,7,212.5,27
73,D'Andre Swift*,PHI,RB,24,16,15,0,0,0,0,0,229,1049,4.58,49,39,214,5.49,3,1,6,199.3,23
74,Courtland Sutton,DEN,WR,28,16,14,0,0,0,0,0,0,0,,90,59,772,13.08,3,3,10,190.2,28
75,Terry McLaurin,WAS,WR,28,17,17,0,0,0,0,0,0,0,,132,79,1002,12.68,0,0,5,209.2,29
76,Trevor Lawrence,JAX,QB,24,16,16,370,564,4016,21,14,70,339,4.84,0,0,0,,12,7,4,262.5,12
77,Sam Howell,WAS,QB,23,17,17,388,612,3946,21,21,48,263,5.48,1,1,4,4,4,2,5,257.5,14
78,Russell Wilson,DEN,QB,35,15,15,297,447,3070,26,8,80,341,4.26,0,0,0,,10,5,3,256.9,13
79,Matthew Stafford*,LAR,QB,35,15,15,326,521,3965,24,11,21,65,3.1,0,0,0,,0,0,0,243.1,15
80,Derek Carr,NOR,QB,32,17,17,375,548,3878,25,8,32,40,1.25,0,0,0,,7,3,0,241.1,16
81,Justin Herbert,LAC,QB,25,13,13,297,456,3134,20,7,52,228,4.38,1,1,10,10,4,1,3,234.2,17
82,Justin Fields,CHI,QB,24,13,13,227,370,2562,16,9,124,657,5.3,0,0,0,,10,4,4,230.2,18
83,Geno Smith*,SEA,QB,33,15,15,323,499,3624,20,9,37,155,4.19,1,1,-2,-2,5,3,1,227.3,19
84,Joshua Dobbs,2TM,QB,28,13,12,262,417,2464,13,10,77,421,5.47,0,0,0,,14,7,6,200.7,20
85,Gardner Minshew II*,IND,QB,27,17,13,305,490,3305,15,9,34,100,2.94,0,0,0,,8,5,3,196.2,21
86,Desmond Ridder,ATL,QB,24,15,13,249,388,2836,12,12,53,193,3.64,1,1,-6,-6,12,7,5,177.1,22
87,Alvin Kamara,NOR,RB,28,13,12,0,0,0,0,0,180,694,3.86,86,75,466,6.21,0,0,6,233,24
88,Bryce Young,CAR,QB,22,16,16,315,527,2877,11,10,39,253,6.49,0,0,0,,11,6,0,156.4,23
89,Kirk Cousins,MIN,QB,35,8,8,216,311,2331,18,5,14,25,1.79,0,0,0,,7,4,0,149.7,24
90,Joe Burrow,CIN,QB,27,10,10,244,365,2309,15,6,31,88,2.84,0,0,0,,2,1,0,147.2,25
91,Kyler Murray,ARI,QB,26,8,8,176,268,1799,10,5,44,244,5.55,0,0,0,,7,0,3,146.4,26
92,Chuba Hubbard,CAR,RB,24,17,12,0,0,0,0,0,238,902,3.79,44,39,233,5.97,1,0,5,182.5,26
93,Josh Jacobs,LVR,RB,25,13,13,0,0,0,0,0,233,805,3.45,54,37,296,8,3,1,6,181.1,25
94,Jake Browning,CIN,QB,27,9,7,171,243,1936,12,7,27,127,4.7,1,1,-7,-7,3,0,3,144.4,27
95,Zack Moss,IND,RB,26,14,8,0,0,0,0,0,183,794,4.34,37,27,192,7.11,0,0,7,169.6,27
96,Devin Singletary,HOU,RB,26,17,10,1,1,6,1,0,216,898,4.16,38,30,193,6.43,1,0,4,167.3,29
97,Jonathan Taylor,IND,RB,24,10,7,0,0,0,0,0,169,741,4.38,23,19,153,8.05,1,0,8,156.4,28
98,Jaylen Warren,PIT,RB,25,17,0,0,0,0,0,0,149,784,5.26,74,61,370,6.07,4,2,4,196.4,30
99,Austin Ekeler,LAC,RB,28,14,14,0,0,0,0,0,179,628,3.51,74,51,436,8.55,5,4,6,185.4,31
100,Javonte Williams,DEN,RB,23,16,13,0,0,0,0,0,217,774,3.57,58,47,228,4.85,1,1,5,179.2,32
101,Zay Flowers,BAL,WR,23,16,16,0,0,0,0,0,8,56,7,108,77,858,11.14,0,0,6,206.4,30
102,Adam Thielen,CAR,WR,33,17,17,0,0,0,0,0,1,6,6,137,103,1014,9.84,2,0,4,231,31
103,Jaylen Waddle,MIA,WR,25,14,14,0,0,0,0,0,3,12,4,104,72,1014,14.08,0,0,4,198.6,32
104,Chris Godwin,TAM,WR,27,17,17,0,1,0,0,0,4,38,9.5,130,83,1024,12.34,0,0,3,209.2,33
105,Aidan O'Connell,LVR,QB,25,11,10,213,343,2218,12,7,17,11,0.65,0,0,0,,4,2,1,125.8,28
106,Ezekiel Elliott,NWE,RB,28,17,5,0,0,0,0,0,184,642,3.49,65,51,313,6.14,2,1,5,174.5,33
107,Tyler Lockett,SEA,WR,31,17,17,0,0,0,0,0,0,0,,122,79,894,11.32,0,0,5,202.4,34
108,Tyler Allgeier,ATL,RB,23,17,3,0,0,0,0,0,186,683,3.67,23,18,193,10.72,0,0,5,137.6,34
109,Zach Wilson,NYJ,QB,24,12,11,221,368,2271,8,7,36,211,5.86,0,0,0,,11,7,0,119.9,29
110,Brandin Cooks,DAL,WR,30,16,15,0,0,0,0,0,5,35,7,81,54,657,12.17,1,0,8,173.2,35
111,Tank Dell,HOU,WR,24,11,8,0,0,0,0,0,11,51,4.64,75,47,709,15.09,1,0,7,165,37
112,Garrett Wilson,NYJ,WR,23,17,17,0,1,0,0,0,4,0,0,168,95,1042,10.97,2,2,3,213.2,36
113,Gabriel Davis,BUF,WR,24,17,17,0,0,0,0,0,1,-2,-2,81,45,746,16.58,1,1,7,161.4,38
114,Romeo Doubs,GNB,WR,23,17,16,0,0,0,0,0,0,0,,96,59,674,11.42,1,0,8,174.4,39
115,Kenny Pickett,PIT,QB,25,12,12,201,324,2070,6,4,42,54,1.29,0,0,0,,2,0,1,110.2,30
116,Rashid Shaheed*+,NOR,WR,25,15,8,0,0,0,0,0,7,37,5.29,75,46,719,15.63,1,1,6,155.6,40
117,Rhamondre Stevenson,NWE,RB,25,12,12,0,0,0,0,0,156,619,3.97,51,38,238,6.26,1,1,4,145.7,35
118,Mac Jones,NWE,QB,25,11,11,224,345,2120,10,12,26,96,3.69,0,0,0,,3,2,0,106.4,31
119,Aaron Jones,GNB,RB,29,11,11,0,0,0,0,0,142,656,4.62,43,30,233,7.77,2,1,3,134.9,36
120,Cooper Kupp,LAR,WR,30,12,12,0,0,0,0,0,1,-3,-3,95,59,737,12.49,0,0,5,164.4,41
121,Drake London,ATL,WR,22,16,16,1,1,22,0,0,0,0,,110,69,905,13.12,0,0,2,174.4,42
122,Kareem Hunt,CLE,RB,28,15,2,0,0,0,0,0,135,411,3.04,21,15,84,5.6,0,0,9,118.5,37
123,Alexander Mattison,MIN,RB,25,16,13,0,0,0,0,0,180,700,3.89,44,30,192,6.4,3,2,3,133.2,38
124,Diontae Johnson,PIT,WR,27,13,11,0,0,0,0,0,0,0,,87,51,717,14.06,1,0,5,152.7,43
125,Will Levis,TEN,QB,24,9,9,149,255,1808,8,4,25,57,2.28,0,0,0,,7,4,1,102,32
126,Tyjae Spears,TEN,RB,22,17,1,0,0,0,0,0,100,453,4.53,70,52,385,7.4,1,0,3,153.8,39
127,Joe Flacco,CLE,QB,38,5,5,123,204,1616,13,8,9,2,0.22,0,0,0,,4,1,0,100.8,33
128,Darius Slayton,NYG,WR,26,17,13,0,0,0,0,0,0,0,,79,50,770,15.4,0,0,4,151,44
129,AJ Dillon,GNB,RB,25,15,6,0,0,0,0,0,178,613,3.44,28,22,223,10.14,0,0,2,117.6,40
130,Tee Higgins,CIN,WR,24,12,11,0,0,0,0,0,0,0,,76,42,656,15.62,0,0,5,137.6,45
131,Curtis Samuel,WAS,WR,27,16,13,0,0,0,0,0,7,39,5.57,91,62,613,9.89,0,0,5,157.2,46
132,Tommy DeVito,NYG,QB,25,9,6,114,178,1101,8,3,36,195,5.42,0,0,0,,2,1,1,93.5,34
133,Khalil Herbert,CHI,RB,25,12,9,0,0,0,0,0,132,611,4.63,31,20,134,6.7,1,1,3,112.5,41
134,Christian Kirk,JAX,WR,27,12,12,1,2,-1,0,0,1,6,6,85,57,787,13.81,2,2,3,150.3,47
135,Josh Downs,IND,WR,22,17,9,0,0,0,0,0,0,0,,98,68,771,11.34,0,0,2,157.1,48
136,Josh Reynolds,DET,WR,28,17,13,0,0,0,0,0,0,0,,64,40,608,15.2,1,1,5,128.8,49
137,Jerry Jeudy,DEN,WR,24,16,11,0,0,0,0,0,0,0,,87,54,758,14.04,1,0,2,141.8,50
138,Jaxon Smith-Njigba,SEA,WR,21,17,3,0,0,0,0,0,0,0,,93,63,628,9.97,0,0,4,149.8,51
139,Tyrod Taylor,NYG,QB,34,11,5,116,180,1341,5,3,38,197,5.18,0,0,0,,4,0,0,87.3,35
140,Deshaun Watson,CLE,QB,28,6,6,105,171,1115,7,4,26,142,5.46,0,0,0,,5,2,1,86.8,36
141,Marquise Brown,ARI,WR,26,14,14,0,0,0,0,0,2,23,11.5,101,51,574,11.25,0,0,4,134.7,52
142,Kyle Pitts,ATL,TE,23,17,15,0,0,0,0,0,1,-4,-4,90,53,667,12.58,0,0,3,137.3,13
143,DJ Chark,CAR,WR,27,15,11,0,0,0,0,0,0,0,,66,35,525,15,2,1,5,115.5,54
144,Justice Hill,BAL,RB,26,16,5,0,0,0,0,0,84,387,4.61,39,28,206,7.36,1,1,4,109.3,42
145,Dontayvion Wicks,GNB,WR,22,15,6,1,1,14,0,0,1,1,1,58,39,581,14.9,3,1,4,119.8,53
146,Ty Chandler,MIN,RB,25,17,4,0,0,0,0,0,102,461,4.52,25,21,159,7.57,0,0,3,101,44
147,D'Onta Foreman,CHI,RB,27,9,8,0,0,0,0,0,109,425,3.9,16,11,77,7,1,0,5,91.2,43
148,Ryan Tannehill,TEN,QB,35,10,8,149,230,1616,4,7,17,74,4.35,1,0,0,,4,0,1,80,37
149,Antonio Gibson,WAS,RB,25,16,2,0,0,0,0,0,65,265,4.08,59,48,389,8.1,4,2,3,127.4,45
150,Tyler Boyd,CIN,WR,29,17,13,0,1,0,0,1,2,11,5.5,98,67,667,9.96,0,0,2,144.8,55
151,Hunter Henry,NWE,TE,29,14,10,0,0,0,0,0,0,0,,61,42,419,9.98,1,0,6,119.9,14
152,Dallas Goedert,PHI,TE,28,14,14,0,0,0,0,0,1,1,1,83,59,592,10.03,0,0,3,136.3,15
153,Dalton Kincaid,BUF,TE,24,16,11,0,0,0,0,0,0,0,,91,73,673,9.22,1,1,2,150.3,16
154,Michael Wilson,ARI,WR,23,13,12,0,0,0,0,0,0,0,,58,38,565,14.87,0,0,3,114.5,56
155,Jahan Dotson,WAS,WR,23,17,16,0,0,0,0,0,0,0,,83,49,518,10.57,0,0,4,124.8,57
156,Rico Dowdle,DAL,RB,25,16,0,0,0,0,0,0,89,361,4.06,22,17,144,8.47,0,0,4,91.5,47
157,Jaleel McLaughlin,DEN,RB,23,17,3,0,0,0,0,0,76,410,5.39,36,31,160,5.16,0,0,3,106,46
158,Khalil Shakir,BUF,WR,23,17,10,0,0,0,0,0,1,10,10,45,39,611,15.67,1,0,2,113.1,58
159,Jonnu Smith,ATL,TE,28,17,6,0,1,0,0,0,1,0,0,70,50,582,11.64,1,1,3,124.2,17
160,Tutu Atwell,LAR,WR,24,16,14,0,0,0,0,0,5,31,6.2,67,39,483,12.38,0,0,3,112.4,59
161,Odell Beckham Jr.,BAL,WR,31,14,6,0,0,0,0,0,0,0,,64,35,565,16.14,1,1,3,107.5,63
162,Zach Charbonnet,SEA,RB,22,16,2,0,0,0,0,0,108,462,4.28,40,33,209,6.33,0,0,1,106.1,48
163,Elijah Moore,CLE,WR,23,17,12,0,0,0,0,0,9,11,1.22,104,59,640,10.85,2,2,2,132.1,62
164,Anthony Richardson,IND,QB,21,4,4,50,84,577,3,1,25,136,5.44,0,0,0,,3,1,4,72.7,38
165,Wan'Dale Robinson,NYG,WR,22,15,8,0,0,0,0,0,9,87,9.67,78,60,525,8.75,0,0,2,133.2,61
166,Christian Watson,GNB,WR,24,9,9,0,0,0,0,0,4,11,2.75,53,28,422,15.07,0,0,5,101.3,60
167,K.J. Osborn,MIN,WR,26,16,12,0,0,0,0,0,0,0,,75,48,540,11.25,1,0,3,120,64
168,Logan Thomas,WAS,TE,32,16,15,0,0,0,0,0,1,2,2,78,55,496,9.02,2,2,4,126.8,18
169,Isaiah Likely,BAL,TE,23,17,8,0,0,0,0,0,0,0,,40,30,411,13.7,0,0,5,101.1,19
170,Samaje Perine,DEN,RB,28,17,1,0,0,0,0,0,53,238,4.49,56,50,455,9.1,3,2,1,121.3,49
171,Cade Otton,TAM,TE,24,17,17,0,0,0,0,0,0,0,,67,47,455,9.68,1,1,4,116.5,20
172,Dameon Pierce,HOU,RB,23,14,7,0,0,0,0,0,145,416,2.87,17,13,101,7.77,0,0,3,82.7,50
173,Noah Brown,HOU,WR,27,10,7,0,0,0,0,0,1,-1,-1,55,33,567,17.18,0,0,2,101.6,66
174,Josh Palmer,LAC,WR,24,10,6,0,0,0,0,0,1,6,6,61,38,581,15.29,1,1,2,106.7,65
175,Bailey Zappe,NWE,QB,24,10,6,127,212,1272,6,9,17,83,4.88,0,0,0,,2,1,1,69.2,39
176,Roschon Johnson,CHI,RB,22,15,0,0,0,0,0,0,81,352,4.35,40,34,209,6.15,1,0,2,102.1,51
177,Easton Stick,LAC,QB,28,5,4,111,174,1129,3,1,27,144,5.33,0,0,0,,5,4,1,67.6,40
178,Kenneth Gainwell,PHI,RB,24,16,2,1,1,17,0,0,84,364,4.33,37,30,183,6.1,3,1,2,97.4,52
179,Nick Mullens,MIN,QB,28,5,3,100,148,1306,7,8,10,25,2.5,0,0,0,,2,0,0,66.7,41
180,Taylor Heinicke,ATL,QB,30,5,4,74,136,890,5,4,15,124,8.27,0,0,0,,1,0,1,66,42
181,Latavius Murray,BUF,RB,33,16,4,0,0,0,0,0,79,300,3.8,22,17,119,7,1,0,4,82.9,53
182,Rondale Moore,ARI,WR,23,17,8,0,0,0,0,0,28,178,6.36,62,40,352,8.8,1,0,2,105,67
183,Jimmy Garoppolo,LVR,QB,32,7,6,110,169,1205,7,9,20,39,1.95,0,0,0,,1,0,0,64.1,43
184,Kendrick Bourne,NWE,WR,28,8,5,0,0,0,0,0,1,4,4,55,37,406,10.97,1,1,4,100,69
185,Alec Pierce,IND,WR,23,17,16,0,0,0,0,0,0,0,,65,32,514,16.06,0,0,2,95.4,68
186,Nelson Agholor,BAL,WR,30,17,3,0,0,0,0,0,0,0,,45,35,381,10.89,1,0,4,97.1,71
187,Tyler Conklin,NYJ,TE,28,17,12,0,0,0,0,0,1,0,0,87,61,621,10.18,0,0,0,123.1,21
188,Tyler Higbee,LAR,TE,30,15,15,0,0,0,0,0,0,0,,70,47,495,10.53,0,0,2,108.5,22
189,Kalif Raymond,DET,WR,29,17,3,0,0,0,0,0,7,75,10.71,44,35,489,13.97,1,0,1,97.4,70
190,Justin Watson,KAN,WR,27,16,8,0,0,0,0,0,0,0,,53,27,460,17.04,1,1,3,89,72
191,Juwan Johnson,NOR,TE,27,13,11,0,0,0,0,0,0,0,,59,37,368,9.95,0,0,4,97.8,24
192,Keaton Mitchell,BAL,RB,21,8,2,0,0,0,0,0,47,396,8.43,11,9,93,10.33,0,0,2,69.9,54
193,Demarcus Robinson,LAR,WR,29,16,4,0,0,0,0,0,1,23,23,39,26,371,14.27,2,1,4,87.4,73
194,Miles Sanders,CAR,RB,26,16,5,0,0,0,0,0,129,432,3.35,41,27,154,5.7,2,2,1,87.6,55
195,Darren Waller,NYG,TE,31,12,11,0,0,0,0,0,0,0,,74,52,552,10.62,0,0,1,113.2,23
196,Gerald Everett,LAC,TE,29,15,12,0,0,0,0,0,3,10,3.33,70,51,411,8.06,3,0,3,111.1,25
197,Jerick McKinnon,KAN,RB,31,12,0,1,1,4,1,0,21,60,2.86,32,25,192,7.68,0,0,5,84.4,56
198,Chigoziem Okonkwo,TEN,TE,24,17,11,0,0,0,0,0,2,6,3,77,54,528,9.78,0,0,1,113.4,26
199,Zamir White,LVR,RB,24,17,4,0,0,0,0,0,104,451,4.34,19,15,98,6.53,1,1,1,73.9,57
200,Demario Douglas,NWE,WR,23,14,7,0,0,0,0,0,8,41,5.13,79,49,561,11.45,3,1,0,107.2,74
201,Daniel Jones,NYG,QB,26,6,6,108,160,909,2,6,40,206,5.15,0,0,0,,4,1,1,57,44
202,Trey Palmer,TAM,WR,22,17,8,0,0,0,0,0,3,22,7.33,68,39,385,9.87,3,1,3,95.7,76
203,Nick Westbrook-Ikhine,TEN,WR,26,14,9,0,0,0,0,0,0,0,,45,28,370,13.21,0,0,3,85,75
204,Quentin Johnston,LAC,WR,22,17,10,0,0,0,0,0,3,9,3,67,38,431,11.34,0,0,2,94,78
205,Jameson Williams,DET,WR,22,12,10,0,0,0,0,0,3,29,9.67,42,24,354,14.75,1,0,3,80.3,77
206,Michael Gallup,DAL,WR,27,17,13,0,0,0,0,0,0,0,,57,34,418,12.29,0,0,2,87.8,80
207,Brandon Johnson,DEN,WR,25,13,2,0,0,0,0,0,0,0,,30,19,284,14.95,0,0,4,73.4,79
208,Joshua Kelley,LAC,RB,26,17,3,0,0,0,0,0,107,405,3.79,12,8,32,4,1,1,2,61.7,58
209,Tyson Bagent,CHI,QB,23,5,4,94,143,859,3,6,23,109,4.74,0,0,0,,3,2,2,53.3,45
210,Clyde Edwards-Helaire,KAN,RB,24,15,3,0,0,0,0,0,70,223,3.19,22,17,188,11.06,0,0,2,70.1,59
211,Donald Parham,LAC,TE,26,14,8,0,0,0,0,0,0,0,,41,27,285,10.56,0,0,4,79.5,27
212,Tre Tucker,LVR,WR,22,16,1,0,0,0,0,0,10,77,7.7,34,19,331,17.42,0,0,2,71.8,81
213,Emari Demercado,ARI,RB,24,14,2,0,0,0,0,0,58,284,4.9,30,21,119,5.67,0,0,2,73.3,60
214,Michael Thomas,NOR,WR,30,10,7,0,0,0,0,0,0,0,,64,39,448,11.49,0,0,1,89.8,82
215,Marvin Mims*,DEN,WR,21,16,7,0,0,0,0,0,9,30,3.33,33,22,377,17.14,2,2,2,70.7,84
216,A.T. Perry,NOR,WR,24,10,3,0,0,0,0,0,0,0,,18,12,246,20.5,0,0,4,60.6,85
217,Mitchell Trubisky,PIT,QB,29,5,2,67,107,632,4,5,16,54,3.38,0,0,0,,1,1,2,48.7,46
218,Robert Woods,HOU,WR,31,14,11,0,0,0,0,0,1,7,7,75,40,426,10.65,0,0,1,89.3,83
219,Tucker Kraft,GNB,TE,23,17,8,0,0,0,0,0,0,0,,40,31,355,11.45,0,0,2,78.5,28
220,Darnell Mooney,CHI,WR,26,15,14,0,0,0,0,0,2,5,2.5,61,31,414,13.35,0,0,1,78.9,86
221,KaVontae Turpin,DAL,WR,27,16,0,0,0,0,0,0,11,110,10,18,12,127,10.58,1,0,4,59.7,87
222,Cedrick Wilson Jr.,MIA,WR,28,15,3,0,0,0,0,0,0,0,,38,22,296,13.45,0,0,3,69.6,88
223,Chris Moore,TEN,WR,30,17,5,0,0,0,0,0,2,39,19.5,35,22,424,19.27,1,0,0,68.3,89
224,Rashod Bateman,BAL,WR,24,16,12,0,0,0,0,0,1,18,18,56,32,367,11.47,0,0,1,76.5,90
225,Royce Freeman,LAR,RB,27,14,0,0,0,0,0,0,77,319,4.14,2,1,13,13,0,0,2,46.2,61
226,Pat Freiermuth,PIT,TE,25,12,9,0,0,0,0,0,0,0,,47,32,308,9.63,0,0,2,76.8,29
227,Zay Jones,JAX,WR,28,9,7,0,0,0,0,0,0,0,,64,34,321,9.44,0,0,2,78.1,91
228,Michael Mayer,LVR,TE,22,14,12,0,0,0,0,0,0,0,,40,27,304,11.26,0,0,2,71.4,30
229,Kylen Granson,IND,TE,25,15,7,0,0,0,0,0,1,2,2,50,30,368,12.27,0,0,1,73,31
230,Noah Gray,KAN,TE,24,17,10,0,0,0,0,0,1,1,1,41,28,305,10.89,0,0,2,70.6,32
231,Jamaal Williams,NOR,RB,28,13,4,0,0,0,0,0,106,306,2.89,20,18,62,3.44,1,0,1,60.8,62
232,Jordan Mason,SFO,RB,24,17,0,0,0,0,0,0,40,206,5.15,4,3,31,10.33,0,0,3,44.7,63
233,Jonathan Mingo,CAR,WR,22,15,14,0,0,0,0,0,0,0,,85,43,418,9.72,1,0,0,84.8,92
234,Elijah Mitchell,SFO,RB,25,11,1,0,0,0,0,0,75,281,3.75,8,6,14,2.33,0,0,2,47.5,64
235,Greg Dortch,ARI,WR,25,16,4,0,0,0,0,0,1,5,5,41,24,280,11.67,0,0,2,64.5,93
236,Noah Fant,SEA,TE,26,17,17,0,0,0,0,0,0,0,,43,32,414,12.94,0,0,0,73.4,33
237,Tanner Hudson,CIN,TE,29,12,1,0,0,0,0,0,0,0,,50,39,352,9.03,0,0,1,80.2,34
238,Luke Musgrave,GNB,TE,23,11,9,0,0,0,0,0,0,0,,46,34,352,10.35,0,0,1,75.2,35
239,Chase Brown,CIN,RB,23,12,0,0,0,0,0,0,44,179,4.07,15,14,156,11.14,1,0,1,53.5,65
240,Mason Rudolph,PIT,QB,28,4,3,55,74,719,3,0,10,8,0.8,0,0,0,,3,1,0,39.6,47
241,Isaiah Hodgins,NYG,WR,25,17,9,0,0,0,0,0,0,0,,33,21,230,10.95,1,1,3,60,95
242,DeVante Parker,NWE,WR,30,13,13,0,0,0,0,0,0,0,,55,33,394,11.94,0,0,0,72.4,94
243,Jake Bobo,SEA,WR,25,17,0,0,0,0,0,0,1,3,3,25,19,196,10.32,0,0,3,56.9,97
244,Xavier Gipson,NYJ,WR,22,17,3,0,0,0,0,0,8,68,8.5,38,21,229,10.9,5,2,2,58.7,98
245,Trenton Irwin,CIN,WR,28,16,5,0,0,0,0,0,0,0,,32,25,316,12.64,2,0,1,62.6,99
246,Brandon Powell,MIN,WR,28,17,2,0,0,0,0,0,5,17,3.4,44,29,324,11.17,1,1,1,67.1,96
247,Pierre Strong,CLE,RB,25,17,1,0,0,0,0,0,63,291,4.62,8,5,47,9.4,1,1,1,42.8,66
248,Adam Trautman,DEN,TE,26,17,12,0,0,0,0,0,0,0,,35,22,204,9.27,0,0,3,60.4,36
249,Jalin Hyatt,NYG,WR,22,17,7,0,0,0,0,0,0,0,,40,23,373,16.22,1,0,0,60.3,100
250,Allen Lazard,NYJ,WR,28,14,12,0,0,0,0,0,0,0,,49,23,311,13.52,0,0,1,60.1,101
251,Colby Parkinson,SEA,TE,24,17,1,0,0,0,0,0,0,0,,34,25,247,9.88,0,0,2,61.7,38
252,Durham Smythe,MIA,TE,28,16,14,0,0,0,0,0,0,0,,43,35,366,10.46,0,0,0,71.6,39
253,Jalen Tolbert,DAL,WR,24,17,6,0,0,0,0,0,0,0,,36,22,268,12.18,1,1,2,58.8,102
254,Tommy Tremble,CAR,TE,23,16,8,0,0,0,0,0,0,0,,32,23,194,8.43,0,0,3,60.4,37
255,Cam Akers,2TM,RB,24,7,1,0,0,0,0,0,60,167,2.78,12,11,70,6.36,0,0,2,46.7,68
256,Mo Alie-Cox,IND,TE,30,17,7,0,0,0,0,0,0,0,,22,13,161,12.38,0,0,3,49.1,41
257,Calvin Austin III,PIT,WR,24,17,1,0,0,0,0,0,11,57,5.18,30,17,180,10.59,2,0,2,52.7,103
258,Mike Gesicki,NWE,TE,28,17,10,0,0,0,0,0,0,0,,45,29,244,8.41,0,0,2,65.4,40
259,Andrei Iosivas,CIN,WR,24,16,1,0,0,0,0,0,0,0,,25,15,116,7.73,0,0,4,50.6,104
260,Chris Rodriguez,WAS,RB,23,13,0,0,0,0,0,0,51,247,4.84,2,2,12,6,1,1,2,37.9,67
261,Marquez Valdes-Scantling,KAN,WR,29,16,10,0,0,0,0,0,0,0,,42,21,315,15,1,1,1,56.5,105
262,David Bell,CLE,WR,23,15,3,0,0,0,0,0,0,0,,23,14,167,11.93,0,0,3,48.7,106
263,Michael Carter,2TM,RB,24,15,0,0,0,0,0,0,30,187,6.23,31,24,101,4.21,0,0,1,58.8,69
264,Darrell Henderson,LAR,RB,26,4,4,0,0,0,0,0,46,112,2.43,14,10,103,10.3,0,0,2,43.5,70
265,Lil'Jordan Humphrey,DEN,WR,25,17,8,0,0,0,0,0,0,0,,19,13,162,12.46,0,0,3,47.2,107
266,Brevin Jordan,HOU,TE,23,14,6,0,0,0,0,0,0,0,,21,17,219,12.88,0,0,2,50.9,42
267,Jauan Jennings,SFO,WR,26,13,2,0,0,0,0,0,0,0,,33,19,265,13.95,0,0,1,51.5,109
268,Dawson Knox,BUF,TE,27,12,11,0,0,0,0,0,0,0,,36,22,186,8.45,0,0,2,54.6,43
269,Kendre Miller,NOR,RB,21,8,0,0,0,0,0,0,41,156,3.8,11,10,117,11.7,0,0,1,43.3,71
270,Skyy Moore,KAN,WR,23,14,8,0,0,0,0,0,3,23,7.67,38,21,244,11.62,0,0,1,53.7,108
271,JuJu Smith-Schuster,NWE,WR,27,11,7,0,0,0,0,0,0,0,,47,29,260,8.97,0,0,1,61,110
272,Braxton Berrios,MIA,WR,28,16,1,0,0,0,0,0,1,11,11,33,27,238,8.81,1,0,1,57.9,112
273,Josh Oliver,MIN,TE,26,17,14,0,0,0,0,0,0,0,,28,22,213,9.68,1,1,2,53.3,44
274,Mike Williams,LAC,WR,29,3,3,0,0,0,0,0,1,3,3,26,19,249,13.11,0,0,1,50.2,111
275,Matt Breida,NYG,RB,28,17,4,0,0,0,0,0,55,151,2.75,21,17,88,5.18,1,0,1,46.9,72
276,Bo Melton,GNB,WR,24,5,1,0,0,0,0,0,3,21,7,24,16,218,13.63,0,0,1,45.9,113
277,Alex Erickson,LAC,WR,31,8,3,0,0,0,0,0,0,0,,29,16,232,14.5,0,0,1,45.2,114
278,Drew Lock,SEA,QB,27,4,2,48,76,543,3,3,5,14,2.8,0,0,0,,0,0,0,29.1,48
279,Andrew Beck,HOU,FB,27,15,12,0,0,0,0,0,5,3,0.6,13,11,55,5,1,1,4,38.8,74
280,Jimmy Graham,NOR,TE,37,13,2,0,0,0,0,0,0,0,,7,6,39,6.5,0,0,4,33.9,46
281,Scott Miller,ATL,WR,26,17,0,0,0,0,0,0,0,0,,16,11,161,14.64,0,0,2,39.1,116
282,Cordarrelle Patterson,ATL,RB,32,14,0,0,0,0,0,0,50,181,3.62,12,9,38,4.22,1,0,1,36.9,73
283,Allen Robinson,PIT,WR,30,17,17,0,0,0,0,0,0,0,,49,34,280,8.24,0,0,0,62,117
284,Drew Sample,CIN,TE,27,17,10,0,0,0,0,0,0,0,,27,22,163,7.41,0,0,2,50.3,45
285,Olamide Zaccheaus,PHI,WR,26,17,1,0,0,0,0,0,0,0,,20,10,164,16.4,0,0,2,38.4,115
286,Salvon Ahmed,MIA,RB,25,8,0,0,0,0,0,0,22,61,2.77,23,16,88,5.5,0,0,2,42.9,76
287,Andrew Ogletree,IND,TE,25,12,9,0,0,0,0,0,0,0,,21,9,147,16.33,0,0,2,35.7,47
288,Trevor Siemian,NYJ,QB,32,5,3,86,153,724,2,4,11,40,3.64,0,0,0,,5,3,0,27,49
289,Jarrett Stidham,DEN,QB,27,3,2,40,66,496,2,1,9,8,0.89,0,0,0,,1,0,0,26.6,50
290,Jeff Wilson,MIA,RB,28,10,0,0,0,0,0,0,41,188,4.59,17,14,85,6.07,0,0,0,41.3,75
291,Jamal Agnew,JAX,WR,28,11,1,0,0,0,0,0,4,-2,-0.5,21,14,225,16.07,1,1,1,40.3,118
292,Daniel Bellinger,NYG,TE,23,17,13,0,0,0,0,0,0,0,,28,25,255,10.2,0,0,0,50.5,48
293,Chase Edmonds,TAM,RB,27,13,0,0,0,0,0,0,49,176,3.59,17,14,81,5.79,0,0,0,39.7,77
294,Tyler Huntley,BAL,QB,25,5,1,21,37,203,3,0,15,55,3.67,0,0,0,,0,0,0,25.6,52
295,Kadarius Toney,KAN,WR,24,13,2,0,1,0,0,0,11,31,2.82,38,27,169,6.26,1,0,1,53,119
296,Carson Wentz,LAR,QB,31,2,1,17,24,163,2,1,17,56,3.29,0,0,0,,0,0,1,26.1,51
297,Ronnie Bell,SFO,WR,23,17,0,0,0,0,0,0,0,0,,13,6,68,11.33,1,0,3,30.8,123
298,Pharaoh Brown,NWE,TE,29,17,11,0,0,0,0,0,0,0,,15,13,208,16,1,1,1,37.8,51
299,Harrison Bryant,CLE,TE,25,17,9,0,0,0,0,0,5,8,1.6,20,13,81,6.23,1,1,3,37.9,50
300,Dalvin Cook,2TM,RB,28,15,1,0,0,0,0,0,67,214,3.19,20,15,78,5.2,2,2,0,40.2,79
301,Zach Ertz,ARI,TE,33,7,7,0,0,0,0,0,0,0,,43,27,187,6.93,0,0,1,51.7,52
302,Deonte Harty,BUF,WR,26,16,1,0,0,0,0,0,4,0,0,21,15,150,10,2,1,2,40,122
303,Mack Hollins,ATL,WR,30,13,3,0,0,0,0,0,0,0,,30,18,251,13.94,0,0,0,43.1,121
304,D'Ernest Johnson,JAX,RB,27,17,0,0,0,0,0,0,41,108,2.63,12,10,140,14,0,0,0,34.8,81
305,Ty Johnson,BUF,RB,26,10,0,0,0,0,0,0,30,132,4.4,7,7,62,8.86,1,0,1,32.4,78
306,Julio Jones,PHI,WR,34,11,4,0,0,0,0,0,0,0,,19,11,74,6.73,0,0,3,36.4,120
307,Tony Jones,2TM,RB,26,7,1,0,0,0,0,0,26,95,3.65,10,7,37,5.29,0,0,2,32.2,80
308,Kyle Juszczyk*+,SFO,FB,32,17,16,0,0,0,0,0,5,6,1.2,17,14,119,8.5,0,0,2,38.5,83
309,Foster Moreau,NOR,TE,26,15,10,0,0,0,0,0,0,0,,25,21,193,9.19,0,0,1,46.3,49
310,Craig Reynolds,DET,RB,27,17,0,0,0,0,0,0,41,179,4.37,5,5,47,9.4,2,2,1,29.6,82
311,Ihmir Smith-Marsette,CAR,WR,24,17,0,0,0,0,0,0,8,74,9.25,10,8,51,6.38,2,0,2,32.5,124
312,Treylon Burks,TEN,WR,23,11,9,0,0,0,0,0,5,18,3.6,30,16,221,13.81,0,0,0,39.9,125
313,Andy Dalton,CAR,QB,36,3,1,34,58,361,2,0,3,12,4,0,0,0,,0,0,0,23.6,53
314,Hayden Hurst,CAR,TE,30,9,8,0,0,0,0,0,0,0,,32,18,184,10.22,0,0,1,42.4,53
315,Hunter Renfrow,LVR,WR,28,17,3,0,0,0,0,0,0,0,,37,25,255,10.2,1,1,0,48.5,126
316,Jacoby Brissett,WAS,QB,31,3,0,18,23,224,3,0,3,19,6.33,0,0,0,,0,0,0,22.9,55
317,Dyami Brown,WAS,WR,24,17,1,1,1,4,0,0,1,0,0,23,12,168,14,0,0,1,35,130
318,Sam Darnold,SFO,QB,26,10,1,28,46,297,2,1,21,15,0.71,0,0,0,,3,1,1,23.4,54
319,Will Dissly,SEA,TE,27,16,14,0,0,0,0,0,0,0,,22,17,172,10.12,0,0,1,40.2,55
320,Darrynton Evans,2TM,RB,25,7,0,0,0,0,0,0,32,121,3.78,12,7,49,7,0,0,1,30,84
321,KhaDarel Hodge,ATL,WR,28,17,4,0,0,0,0,0,1,0,0,23,14,232,16.57,1,0,0,37.2,127
322,Austin Hooper,LVR,TE,29,17,9,0,0,0,0,0,0,0,,31,25,234,9.36,0,0,0,48.4,54
323,Johnny Mundt,MIN,TE,29,17,0,0,0,0,0,0,0,0,,23,17,172,10.12,0,0,1,40.2,56
324,Cedric Tillman,CLE,WR,23,14,3,0,0,0,0,0,1,8,8,44,21,224,10.67,0,0,0,44.2,128
325,Parker Washington,JAX,WR,21,9,1,0,0,0,0,0,0,0,,21,16,132,8.25,2,1,2,39.2,129
326,Ameer Abdullah,LVR,RB,30,17,0,0,0,0,0,0,15,89,5.93,24,19,131,6.89,0,0,0,41,85
327,Tank Bigsby,JAX,RB,22,17,0,0,0,0,0,0,50,132,2.64,4,1,6,6,2,2,2,22.8,86
328,Elijah Higgins,ARI,TE,23,11,2,0,0,0,0,0,0,0,,19,14,163,11.64,0,0,1,36.3,57
329,Jalen Reagor,NWE,WR,24,11,1,0,0,0,0,0,1,17,17,23,7,138,19.71,0,0,1,28.5,131
330,Stone Smartt,LAC,TE,25,16,3,0,0,0,0,0,0,0,,21,11,155,14.09,0,0,1,32.5,58
331,Dorian Thompson-Robinson,CLE,QB,24,8,3,60,112,440,1,4,14,65,4.64,0,0,0,,2,0,0,22.1,56
332,C.J. Beathard,JAX,QB,30,7,1,40,53,349,1,0,8,35,4.38,0,0,0,,1,0,0,21.5,57
333,Derius Davis,LAC,WR,23,17,2,0,0,0,0,0,14,101,7.21,17,15,66,4.4,3,1,1,35.7,133
334,Van Jefferson,2TM,WR,27,17,9,0,0,0,0,0,1,4,4,43,20,209,10.45,0,0,0,41.3,132
335,Will Mallory,IND,TE,24,12,2,0,0,0,0,0,0,0,,26,18,207,11.5,1,0,0,38.7,59
336,Jamison Crowder,WAS,WR,30,17,0,0,0,0,0,0,0,0,,20,16,159,9.94,2,1,1,35.9,135
337,P.J. Walker,CLE,QB,28,6,2,54,111,674,1,5,13,30,2.31,0,0,0,,4,2,0,20,58
338,Quez Watkins,PHI,WR,25,9,5,0,0,0,0,0,0,0,,21,15,142,9.47,0,0,1,35.2,134
339,Robbie Chosen,MIA,WR,30,9,0,0,0,0,0,0,0,0,,6,4,126,31.5,0,0,1,22.6,137
340,Nick Chubb,CLE,RB,28,2,2,0,0,0,0,0,28,170,6.07,4,4,21,5.25,0,0,0,23.1,87
341,Malik Heath,GNB,WR,23,13,1,0,0,0,0,0,0,0,,24,15,125,8.33,0,0,1,33.5,138
342,Luke Schoonmaker,DAL,TE,25,17,0,0,0,0,0,0,0,0,,15,8,65,8.13,0,0,2,26.5,60
343,Tyler Scott,CHI,WR,22,17,4,0,0,0,0,0,7,41,5.86,32,17,168,9.88,1,1,0,35.9,136
344,Patrick Taylor,GNB,RB,25,11,0,0,0,0,0,0,32,141,4.41,17,11,49,4.45,0,0,0,30,88
345,River Cracraft,MIA,WR,29,10,1,0,0,0,0,0,0,0,,12,9,121,13.44,0,0,1,27.1,139
346,Kevin Harris,NWE,RB,23,4,0,0,0,0,0,0,16,65,4.06,3,3,58,19.33,0,0,1,21.3,89
347,Davis Mills,HOU,QB,25,6,0,18,39,173,2,0,2,9,4.5,0,0,0,,0,0,0,17.8,59
348,Deven Thompkins,TAM,WR,24,17,1,0,0,0,0,0,8,56,7,25,17,83,4.88,3,1,1,34.9,140
349,Melvin Gordon,BAL,RB,30,4,0,0,0,0,0,0,26,81,3.12,3,3,46,15.33,1,1,1,19.7,92
350,Damien Harris,BUF,RB,26,6,0,0,0,0,0,0,23,94,4.09,2,2,16,8,0,0,1,19,91
351,Connor Heyward,PIT,TE,24,17,7,0,1,0,0,0,1,0,0,34,23,167,7.26,0,0,0,39.7,62
352,Ray-Ray McCloud,SFO,WR,27,12,1,0,0,0,0,0,3,30,10,15,12,135,11.25,1,0,0,28.5,141
353,MyCole Pruitt,ATL,TE,31,17,8,0,0,0,0,0,0,0,,12,9,110,12.22,1,0,1,26,61
354,Trey Sermon,IND,RB,24,14,0,0,0,0,0,0,35,160,4.57,6,3,13,4.33,0,0,0,20.3,90
355,Davis Allen,LAR,TE,22,15,1,0,0,0,0,0,0,0,,11,10,95,9.5,0,0,1,25.5,63
356,Luke Farrell,JAX,TE,26,17,8,0,0,0,0,0,0,0,,15,13,155,11.92,0,0,0,28.5,64
357,Lucas Krull,DEN,TE,25,7,2,0,0,0,0,0,0,0,,14,8,95,11.88,0,0,1,23.5,65
358,John Metchie,HOU,WR,23,16,0,0,0,0,0,0,1,4,4,30,16,158,9.88,0,0,0,32.2,142
359,Donovan Peoples-Jones,2TM,WR,24,15,6,0,0,0,0,0,0,0,,25,13,155,11.92,1,0,0,28.5,144
360,Kyle Philips,TEN,WR,24,9,0,0,0,0,0,0,0,0,,22,15,181,12.07,1,1,0,31.1,143
361,Irv Smith Jr.,CIN,TE,25,12,6,0,0,0,0,0,0,0,,26,18,115,6.39,1,1,1,33.5,66
362,John Bates,WAS,TE,26,17,4,0,0,0,0,0,0,0,,28,19,151,7.95,0,0,0,34.1,68
363,Jalen Guyton,LAC,WR,26,8,3,0,0,0,0,0,0,0,,21,10,89,8.9,0,0,1,24.9,146
364,Charlie Kolar,BAL,TE,24,15,3,0,0,0,0,0,0,0,,9,7,87,12.43,0,0,1,21.7,71
365,David Moore,TAM,WR,28,7,0,0,0,0,0,0,0,0,,7,5,94,18.8,0,0,1,20.4,145
366,Ronnie Rivers,LAR,RB,24,9,1,0,0,0,0,0,32,129,4.03,5,5,22,4.4,0,0,0,20.1,93
367,Jeremy Ruckert,NYJ,TE,23,15,6,0,0,0,0,0,0,0,,22,16,151,9.44,0,0,0,31.1,69
368,Trent Sherfield,BUF,WR,27,17,1,0,0,0,0,0,0,0,,22,11,86,7.82,0,0,1,25.6,147
369,Josh Whyle,TEN,TE,24,11,3,0,0,0,0,0,0,0,,15,9,94,10.44,0,0,1,24.4,67
370,Brock Wright,DET,TE,25,14,4,0,0,0,0,0,0,0,,14,13,91,7,0,0,1,28.1,70
371,Chase Claypool,2TM,WR,25,12,2,0,0,0,0,0,0,0,,21,8,77,9.63,0,0,1,21.7,152
372,Jeff Driskel,CLE,QB,30,1,1,13,26,166,2,2,7,33,4.71,0,0,0,,0,0,0,13.9,60
373,Xavier Hutchinson,HOU,WR,23,16,0,0,0,0,0,0,5,49,9.8,19,8,90,11.25,0,0,0,21.9,150
374,Charlie Jones,CIN,WR,25,11,0,0,0,0,0,0,2,13,6.5,9,7,64,9.14,0,0,1,20.7,153
375,Terrace Marshall Jr.,CAR,WR,23,9,4,0,0,0,0,0,0,0,,33,19,139,7.32,1,0,0,32.9,151
376,Byron Pringle,WAS,WR,30,17,1,0,0,0,0,0,0,0,,22,14,161,11.5,1,1,0,28.1,149
377,Ben Skowronek,LAR,WR,26,17,0,0,0,0,0,0,2,9,4.5,12,8,66,8.25,0,0,1,21.5,154
378,Tyquan Thornton,NWE,WR,23,9,3,0,0,0,0,0,3,51,17,23,13,91,7,0,0,0,27.2,148
379,Jordan Akins,CLE,TE,31,17,4,0,0,0,0,0,0,0,,23,15,132,8.8,0,0,0,28.2,72
380,Isaiah Spiller,LAC,RB,22,9,0,0,0,0,0,0,37,96,2.59,6,6,34,5.67,0,0,0,19,94
381,Stephen Sullivan,CAR,TE,27,11,0,0,0,0,0,0,0,0,,24,12,125,10.42,0,0,0,24.5,73
382,Lynn Bowden Jr.,NOR,WR,26,15,3,0,0,0,0,0,5,32,6.4,16,11,83,7.55,1,0,0,22.5,158
383,Jason Brownlee,NYJ,WR,24,7,5,0,0,0,0,0,0,0,,8,5,56,11.2,0,0,1,16.6,156
384,Randall Cobb,NYJ,WR,33,11,1,0,0,0,0,0,0,0,,17,5,39,7.8,0,0,1,16.9,155
385,Tyler Goodson,IND,RB,23,6,1,0,0,0,0,0,13,87,6.69,9,6,34,5.67,0,0,0,18.1,95
386,Alec Ingold*,MIA,FB,27,17,13,0,0,0,0,0,2,0,0,16,13,119,9.15,0,0,0,24.9,96
387,Marcus Mariota,PHI,QB,30,3,0,15,23,164,1,1,8,52,6.5,0,0,0,,1,1,0,11.8,62
388,D.J. Montgomery,IND,WR,27,7,0,0,0,0,0,0,0,0,,8,3,56,18.67,0,0,1,14.6,157
389,Boston Scott,PHI,RB,28,15,0,0,0,0,0,0,20,86,4.3,6,4,52,13,1,1,0,15.8,97
390,Laviska Shenault Jr.,CAR,WR,25,8,0,0,0,0,0,0,12,55,4.58,10,10,60,6,1,0,0,21.5,159
391,Cole Turner,WAS,TE,23,12,1,0,0,0,0,0,0,0,,15,11,120,10.91,0,0,0,23,74
392,C.J. Uzomah,NYJ,TE,30,12,8,0,0,0,0,0,0,0,,12,8,58,7.25,0,0,1,19.8,75
393,Jameis Winston,NOR,QB,29,7,0,25,47,264,2,3,5,-6,-1.2,0,0,0,,0,0,0,12,61
394,Raheem Blackshear,CAR,RB,24,12,0,0,0,0,0,0,14,46,3.29,7,6,45,7.5,0,0,0,17.1,99
395,Brandon Bolden,LVR,RB,33,17,0,0,0,0,0,0,4,31,7.75,0,0,0,,0,0,1,11.1,100
396,Tim Boyle,NYJ,QB,29,3,2,48,77,360,1,4,4,5,1.25,0,0,0,,2,0,0,10.9,63
397,Chris Brooks,MIA,RB,23,9,0,0,0,0,0,0,19,106,5.58,0,0,0,,0,0,0,10.6,103
398,Mecole Hardman,2TM,WR,25,11,2,0,0,0,0,0,1,3,3,24,15,124,8.27,1,1,0,25.7,160
399,La'Mical Perine,KAN,RB,25,3,1,0,0,0,0,0,22,77,3.5,5,3,33,11,0,0,0,14,101
400,Patrick Ricard,BAL,FB,29,17,9,0,0,0,0,0,0,0,,7,5,52,10.4,0,0,1,16.2,98
401,Robert Tonyan,CHI,TE,29,17,6,0,0,0,0,0,0,0,,17,11,112,10.18,0,0,0,22.2,76
402,Emanuel Wilson,GNB,RB,24,7,0,0,0,0,0,0,14,85,6.07,5,4,23,5.75,1,0,0,14.8,102
403,Lawrence Cager,NYG,TE,26,11,0,0,0,0,0,0,0,0,,5,4,36,9,0,0,1,13.6,77
404,Parris Campbell,NYG,WR,26,12,3,0,0,0,0,0,0,0,,27,20,104,5.2,0,0,0,30.4,161
405,J.K. Dobbins,BAL,RB,25,1,1,0,0,0,0,0,8,22,2.75,3,2,15,7.5,0,0,1,11.7,105
406,Marquise Goodwin,CLE,WR,33,12,0,0,0,0,0,0,4,33,8.25,13,4,67,16.75,0,0,0,14,163
407,Keaontay Ingram,ARI,RB,24,8,1,0,0,0,0,0,35,74,2.11,4,4,26,6.5,0,0,0,14,104
408,Case Keenum,HOU,QB,35,2,2,34,53,291,1,3,2,1,0.5,0,0,0,,1,0,0,9.7,64
409,Keith Kirkwood,NOR,WR,29,13,4,0,0,0,0,0,0,0,,9,5,37,7.4,0,0,1,14.7,164
410,Hunter Luepke,DAL,RB,23,17,0,0,0,0,0,0,6,19,3.17,4,3,18,6,0,0,1,12.7,106
411,Sterling Shepard,NYG,WR,30,15,2,0,0,0,0,0,1,6,6,22,10,57,5.7,1,1,1,20.3,162
412,Brenton Strange,JAX,TE,23,14,4,0,0,0,0,0,0,0,,9,5,35,7,0,0,1,14.5,78
413,Israel Abanikanda,NYJ,RB,21,6,0,0,0,0,0,0,22,70,3.18,11,7,43,6.14,1,1,0,16.3,107
414,Nick Bawden,NYJ,FB,27,16,2,0,0,0,0,0,2,4,2,3,3,21,7,0,0,1,11.5,108
415,Richie James,KAN,WR,28,9,1,0,0,0,0,0,0,0,,14,10,114,11.4,2,1,0,19.4,165
416,Marcedes Lewis,CHI,TE,39,17,4,0,0,0,0,0,0,0,,5,4,29,7.25,0,0,1,12.9,80
417,Quintin Morris,BUF,TE,24,15,0,0,0,0,0,0,0,0,,3,2,26,13,0,0,1,10.6,81
418,Geoff Swaim,ARI,TE,30,14,8,0,0,0,0,0,0,0,,11,10,94,9.4,0,0,0,19.4,79
419,Brycen Hopkins,LAR,TE,26,15,0,0,0,0,0,0,0,0,,7,5,78,15.6,0,0,0,12.8,83
420,Tim Jones,JAX,WR,25,17,2,0,0,0,0,0,0,0,,18,11,83,7.55,0,0,0,19.3,166
421,Dare Ogunbowale,HOU,RB,29,12,0,0,0,0,0,0,8,35,4.38,7,2,18,9,0,0,0,10.3,109
422,Ben Sims,GNB,TE,23,17,1,0,0,0,0,0,0,0,,6,4,21,5.25,0,0,1,12.1,82
423,Samori Toure,GNB,WR,25,11,0,0,0,0,0,0,0,0,,18,8,78,9.75,1,1,0,15.8,167
424,Deuce Vaughn,DAL,RB,22,7,0,0,0,0,0,0,23,40,1.74,7,7,40,5.71,0,0,0,15,110
425,Trayveon Williams,CIN,RB,26,17,0,0,0,0,0,0,15,69,4.6,9,7,10,1.43,0,0,0,14.9,111
426,Blake Bell,KAN,TE,32,17,3,0,0,0,0,0,0,0,,9,5,26,5.2,1,1,1,11.6,84
427,Gary Brightwell,NYG,RB,24,7,0,0,0,0,0,0,9,19,2.11,7,5,47,9.4,0,0,0,11.6,113
428,Chris Conley,SFO,WR,31,8,0,0,0,0,0,0,0,0,,6,3,69,23,0,0,0,9.9,170
429,Josiah Deguara,GNB,TE,26,15,4,0,0,0,0,0,0,0,,8,8,65,8.13,0,0,0,14.5,85
430,Simi Fehoko,LAC,WR,26,6,0,0,0,0,0,0,0,0,,2,1,9,9,0,0,1,7.9,171
431,Eric Gray,NYG,RB,24,13,0,0,0,0,0,0,17,48,2.82,7,6,22,3.67,3,0,0,13,112
432,Tyler Johnson,LAR,WR,25,1,0,0,0,0,0,0,0,0,,3,2,8,4,0,0,1,8.8,172
433,Velus Jones Jr.,CHI,WR,26,14,0,0,0,0,0,0,8,51,6.38,7,4,20,5,0,0,0,11.1,168
434,Clayton Tune,ARI,QB,24,7,1,12,21,62,0,2,8,30,3.75,0,0,0,,2,1,1,7.5,65
435,Tylan Wallace,BAL,WR,24,11,0,0,0,0,0,0,0,0,,2,1,11,11,0,0,1,8.1,169
436,Jalen Brooks,DAL,WR,23,7,0,0,0,0,0,0,0,0,,6,6,64,10.67,0,0,0,12.4,173
437,DeAndre Carter,LVR,WR,30,17,1,0,0,0,0,0,3,18,6,7,4,39,9.75,2,0,0,9.7,176
438,Payne Durham,TAM,TE,23,13,2,0,0,0,0,0,0,0,,7,5,58,11.6,0,0,0,10.8,88
439,Blaine Gabbert,KAN,QB,34,2,1,18,35,185,0,3,7,45,6.43,0,0,0,,0,0,0,5.9,66
440,Rakim Jarrett,TAM,WR,22,10,0,0,0,0,0,0,1,0,0,9,4,60,15,0,0,0,10,175
441,Ko Kieft,TAM,TE,25,16,6,0,0,0,0,0,0,0,,5,1,2,2,0,0,1,7.2,86
442,Isaiah McKenzie,IND,WR,28,13,2,0,0,0,0,0,3,14,4.67,14,11,82,7.45,3,2,0,16.6,177
443,Equanimeous St. Brown,CHI,WR,27,7,2,0,0,0,0,0,0,0,,6,5,62,12.4,0,0,0,11.2,174
444,Ian Thomas,CAR,TE,27,12,5,0,0,0,0,0,0,0,,9,5,56,11.2,0,0,0,10.6,89
445,Darnell Washington,PIT,TE,22,17,7,0,0,0,0,0,0,0,,10,7,61,8.71,0,0,0,13.1,87
446,Mitchell Wilcox,CIN,TE,27,17,4,0,0,0,0,0,0,0,,12,9,56,6.22,0,0,0,14.6,90
447,Damien Williams,ARI,RB,31,3,0,0,0,0,0,0,11,43,3.91,2,2,12,6,0,0,0,7.5,114
448,Brian Hoyer,LVR,QB,38,3,1,23,42,231,0,2,3,-3,-1,0,0,0,,0,0,0,4.9,67
449,Ty Montgomery,NWE,WR,30,13,0,0,0,0,0,0,3,9,3,12,5,40,8,0,0,0,9.9,179
450,Justyn Ross,KAN,WR,24,10,1,0,0,0,0,0,0,0,,11,6,53,8.83,0,0,0,11.3,178
451,Brett Rypien,LAR,QB,27,2,1,18,38,172,0,1,3,19,6.33,0,0,0,,2,1,0,4.8,68
452,Mike Strachan,CAR,WR,26,4,1,0,0,0,0,0,0,0,,3,1,45,45,0,0,0,5.5,180
453,Michael Burton,DEN,FB,31,17,3,0,0,0,0,0,7,9,1.29,3,3,8,2.67,0,0,0,6.7,118
454,Grant Calcaterra,PHI,TE,25,15,1,0,0,0,0,0,0,0,,4,4,39,9.75,0,0,0,7.9,91
455,Elijah Cooks,JAX,WR,25,9,0,0,0,0,0,0,0,0,,4,3,38,12.67,0,0,0,6.8,182
456,Britain Covey,PHI,WR,26,16,0,0,0,0,0,0,0,0,,6,4,42,10.5,2,0,0,8.2,181
457,Leonard Fournette,BUF,RB,28,2,0,0,0,0,0,0,12,40,3.33,0,0,0,,0,0,0,4,116
458,Peyton Hendershot,DAL,TE,24,8,1,0,0,0,0,0,1,0,0,7,4,38,9.5,0,0,0,7.8,92
459,Rashaad Penny,PHI,RB,27,3,0,0,0,0,0,0,11,33,3,1,1,5,5,0,0,0,4.8,117
460,Jack Stoll,PHI,TE,25,17,10,0,0,0,0,0,0,0,,8,5,38,7.6,0,0,0,8.8,93
461,Ke'Shawn Vaughn,TAM,RB,26,6,0,0,0,0,0,0,24,42,1.75,5,2,2,1,0,0,0,6.4,115
462,Khari Blasingame,CHI,FB,27,16,2,0,0,0,0,0,8,26,3.25,6,3,2,0.67,0,0,0,5.8,122
463,Keelan Doss,LAC,WR,27,5,0,0,0,0,0,0,0,0,,13,6,33,5.5,0,0,0,9.3,183
464,Greg Dulcich,DEN,TE,23,2,1,0,0,0,0,0,0,0,,4,3,25,8.33,0,0,0,5.5,99
465,Devin Duvernay,BAL,WR,26,13,1,0,0,0,0,0,4,15,3.75,9,4,18,4.5,0,0,0,7.3,184
466,Derrick Gore,WAS,RB,29,6,0,0,0,0,0,0,3,26,8.67,0,0,0,,0,0,0,2.6,123
467,C.J. Ham*,MIN,FB,30,17,5,0,0,0,0,0,1,7,7,9,7,25,3.57,0,0,0,10.2,120
468,Julian Hill,MIA,TE,23,15,4,0,0,0,0,0,0,0,,9,6,48,8,1,1,0,8.8,96
469,Trishton Jackson,MIN,WR,25,7,0,0,0,0,0,0,0,0,,4,2,9,4.5,0,0,0,4.9,185
470,James Mitchell,DET,TE,24,15,1,0,0,0,0,0,0,0,,2,2,28,14,0,0,0,4.8,97
471,Jalen Nailor,MIN,WR,24,6,1,0,0,0,0,0,0,0,,6,3,29,9.67,0,0,0,5.9,186
472,Teagan Quitoriano,HOU,TE,23,7,5,0,0,0,0,0,0,0,,3,2,33,16.5,0,0,0,5.3,94
473,Cooper Rush,DAL,QB,30,7,0,18,24,144,0,1,12,-5,-0.42,0,0,0,,0,0,0,3.3,69
474,Steven Sims,HOU,WR,26,3,0,0,0,0,0,0,1,1,1,3,3,25,8.33,0,0,0,5.6,187
475,Keith Smith,ATL,FB,31,13,6,0,0,0,0,0,0,0,,3,3,33,11,0,0,0,6.3,119
476,Sean Tucker,TAM,RB,22,11,0,0,0,0,0,0,15,23,1.53,2,2,9,4.5,0,0,0,5.2,121
477,Malik Willis,TEN,QB,24,3,0,4,5,74,0,0,5,21,4.2,0,0,0,,1,1,0,3.1,70
478,Charlie Woerner,SFO,TE,26,17,2,0,0,0,0,0,0,0,,3,3,32,10.67,0,0,0,6.2,95
479,Kenny Yeboah,NYJ,TE,25,5,1,0,0,0,0,0,0,0,,4,2,28,14,0,0,0,4.8,98
480,Nate Adkins,DEN,TE,24,10,1,0,0,0,0,0,0,0,,5,4,22,5.5,0,0,0,6.2,100
481,Kayshon Boutte,NWE,WR,21,5,0,0,0,0,0,0,0,0,,7,2,19,9.5,0,0,0,3.9,190
482,Miles Boykin,PIT,WR,27,17,0,0,0,0,0,0,0,0,,4,3,17,5.67,0,0,0,4.7,192
483,DeeJay Dallas,SEA,RB,25,17,0,0,0,0,0,0,10,36,3.6,9,6,26,4.33,2,2,0,8.2,124
484,Tyrion Davis-Price,SFO,RB,23,1,0,0,0,0,0,0,6,21,3.5,0,0,0,,0,0,0,2.1,126
485,Elijah Dotson,LAC,RB,24,4,0,0,0,0,0,0,4,6,1.5,2,2,13,6.5,0,0,0,3.9,128
486,Zach Evans,LAR,RB,22,10,0,0,0,0,0,0,9,19,2.11,0,0,0,,0,0,0,1.9,129
487,Erik Ezukanma,MIA,WR,23,2,0,0,0,0,0,0,5,22,4.4,1,0,0,,0,0,0,2.2,188
488,Jake Funk,IND,RB,25,4,0,0,0,0,0,0,2,10,5,1,1,12,12,0,0,0,3.2,125
489,Jaren Hall,MIN,QB,25,3,2,13,20,168,0,1,6,14,2.33,0,0,0,,2,2,0,2.1,71
490,Marvin Jones,DET,WR,33,6,4,0,0,0,0,0,0,0,,10,5,35,7,1,1,0,6.5,194
491,Zonovan Knight,DET,RB,22,2,0,0,0,0,0,0,3,13,4.33,1,1,8,8,0,0,0,3.1,127
492,Chris Manhertz,DEN,TE,31,16,4,0,0,0,0,0,0,0,,4,2,16,8,0,0,0,3.6,103
493,Nick Muse,MIN,TE,25,2,0,0,0,0,0,0,0,0,,1,1,22,22,0,0,0,3.2,101
494,Gunner Olszewski,2TM,WR,27,12,0,0,0,0,0,0,0,0,,1,1,0,0,4,2,1,3,189
495,Zach Pascal,ARI,WR,29,14,1,0,0,0,0,0,0,0,,15,4,19,4.75,0,0,0,5.9,191
496,Laquon Treadwell,BAL,WR,28,5,1,0,0,0,0,0,0,0,,3,1,16,16,0,0,0,2.6,193
497,Trevon Wesco,TEN,TE,28,15,10,0,0,0,0,0,0,0,,3,1,21,21,0,0,0,3.1,102
498,Mike White,MIA,QB,28,6,0,5,6,74,1,1,8,-9,-1.13,0,0,0,,1,1,0,2.1,72
499,Alex Armah,WAS,RB,29,8,0,0,0,0,0,0,0,0,,3,3,13,4.33,0,0,0,4.3,130
500,Sean Clifford,GNB,QB,25,2,0,1,1,37,0,0,3,-2,-0.67,0,0,0,,1,0,0,1.3,73
