Fantasy Rank,Player,Team,Fantasy Position,Age,Games Played,Games Started,Passes Completed,Passes Attempted,Passing Yards,Passing Touchdowns,Interceptions,Rushing Attempts,Rushing Yards,Rushing Yards Per Attempt,Pass Targets,Receptions,Receiving Yards,Receiving Yards Per Reception,Fumbles,Fumbles Lost,Touchdowns,Fantasy PPR Points,Position Rank
1,Saquon Barkley*+,PHI,RB,27,16,16,0,0,0,0,0,345,2005,5.81,43,33,278,8.42,2,1,15,355.3,1
2,Derrick Henry*,BAL,RB,30,17,17,0,0,0,0,0,325,1921,5.91,22,19,193,10.16,3,1,18,336.4,2
3,Jahmyr Gibbs*,DET,RB,22,17,4,0,0,0,0,0,250,1412,5.65,63,52,517,9.94,1,1,20,362.9,3
4,Lamar Jackson*+,BAL,QB,27,17,17,316,474,4172,41,4,139,915,6.58,0,0,0,,10,5,4,430.4,1
5,Ja'Marr Chase*+,CIN,WR,24,17,16,0,0,0,0,0,3,32,10.67,175,127,1708,13.45,0,0,17,403,1
6,Bijan Robinson*,ATL,RB,22,17,17,0,0,0,0,0,304,1456,4.79,72,61,431,7.07,1,0,15,341.7,4
7,Josh Jacobs*,GNB,RB,26,17,17,0,0,0,0,0,301,1329,4.42,43,36,342,9.5,4,3,16,293.1,5
8,Josh Allen*,BUF,QB,28,17,17,307,483,3731,28,6,102,531,5.21,0,0,7,,5,2,13,379,2
9,Joe Burrow*,CIN,QB,28,17,17,460,652,4918,43,9,42,201,4.79,0,0,0,,11,5,2,372.8,3
10,Kyren Williams,LAR,RB,24,16,16,0,0,0,0,0,316,1299,4.11,40,34,182,5.35,5,3,16,272.1,6
11,James Cook*,BUF,RB,25,16,16,0,0,0,0,0,207,1009,4.87,38,32,258,8.06,1,0,18,266.7,7
12,Justin Jefferson*+,MIN,WR,25,17,17,1,1,22,0,0,1,3,3,154,103,1533,14.88,1,0,10,317.5,2
13,Baker Mayfield*,TAM,QB,29,17,17,407,570,4500,41,16,60,378,6.3,0,0,0,,13,2,3,365.8,4
14,Jonathan Taylor*,IND,RB,25,14,13,0,0,0,0,0,303,1431,4.72,31,18,136,7.56,4,1,12,244.7,8
15,George Kittle*,SFO,TE,31,15,15,0,0,0,0,0,0,0,,94,78,1106,14.18,0,0,8,236.6,1
16,Jayden Daniels*,WAS,QB,24,17,17,331,480,3568,25,9,148,891,6.02,0,0,0,,5,0,6,355.8,5
17,De'Von Achane,MIA,RB,23,17,16,0,0,0,0,0,203,907,4.47,87,78,592,7.59,1,0,12,299.9,9
18,Amon-Ra St. Brown*+,DET,WR,25,17,17,1,1,7,1,0,2,6,3,141,115,1263,10.98,1,1,12,316.2,3
19,Brian Thomas*,JAX,WR,22,17,16,0,0,0,0,0,6,48,8,133,87,1282,14.74,0,0,10,284,4
20,Brock Bowers*+,LVR,TE,22,17,16,0,0,0,0,0,5,13,2.6,153,112,1194,10.66,0,0,5,262.7,2
21,James Conner,ARI,RB,29,16,16,0,0,0,0,0,236,1094,4.64,55,47,414,8.81,4,1,9,253.8,10
22,Joe Mixon*,HOU,RB,28,14,14,0,1,0,0,0,245,1016,4.15,52,36,309,8.58,0,0,12,240.5,11
23,Terry McLaurin*,WAS,WR,29,17,17,0,0,0,0,0,2,2,1,117,82,1096,13.37,1,1,13,267.8,5
24,Trey McBride*,ARI,TE,25,16,16,0,0,0,0,0,1,2,2,147,111,1146,10.32,0,0,4,249.8,3
25,Chase Brown,CIN,RB,24,16,10,0,0,0,0,0,229,990,4.32,65,54,360,6.67,2,1,11,255,12
26,Drake London,ATL,WR,23,17,17,0,0,0,0,0,1,-3,-3,158,100,1271,12.71,0,0,9,280.8,6
27,Chuba Hubbard,CAR,RB,25,15,15,0,0,0,0,0,250,1195,4.78,54,43,171,3.98,4,3,11,241.6,13
28,Jonnu Smith*,MIA,TE,29,17,6,0,0,0,0,0,2,-1,-0.5,111,88,884,10.05,2,1,8,222.3,4
29,Mark Andrews,BAL,TE,29,17,13,0,0,0,0,0,4,5,1.25,69,55,673,12.24,0,0,11,188.8,5
30,Bucky Irving,TAM,RB,22,17,3,0,0,0,0,0,207,1122,5.42,52,47,392,8.34,2,1,8,244.4,14
31,Alvin Kamara,NOR,RB,29,14,14,0,0,0,0,0,228,950,4.17,89,68,543,7.99,1,0,8,265.3,15
32,Aaron Jones,MIN,RB,30,17,17,0,0,0,0,0,255,1138,4.46,62,51,408,8,5,3,7,241.6,16
33,Jared Goff*,DET,QB,30,17,17,390,539,4629,37,12,35,56,1.6,1,1,7,7,6,0,1,324.5,6
34,David Montgomery,DET,RB,27,14,14,1,1,3,1,0,185,775,4.19,38,36,341,9.47,2,1,12,221.7,17
35,Mike Evans*,TAM,WR,31,14,14,0,0,0,0,0,0,0,,110,74,1004,13.57,0,0,11,240.4,7
36,Breece Hall,NYJ,RB,23,16,16,0,0,0,0,0,209,876,4.19,76,57,483,8.47,6,2,8,240.9,18
37,Malik Nabers*,NYG,WR,21,15,13,0,1,0,0,0,5,2,0.4,170,109,1204,11.05,1,0,7,273.6,8
38,Bo Nix,DEN,QB,24,17,17,376,567,3775,29,12,92,430,4.67,1,1,2,2,3,0,5,317.2,7
39,Jalen Hurts,PHI,QB,26,15,15,248,361,2903,18,5,150,630,4.2,0,0,0,,9,5,14,315.1,8
40,CeeDee Lamb*,DAL,WR,25,15,15,0,0,0,0,0,14,70,5,152,101,1194,11.82,1,1,6,263.4,9
41,Sam LaPorta,DET,TE,23,16,16,0,0,0,0,0,0,0,,83,60,726,12.1,0,0,7,174.6,6
42,Courtland Sutton,DEN,WR,29,17,13,2,2,30,1,0,0,0,,135,81,1081,13.35,1,1,8,240.3,10
43,Ladd McConkey,LAC,WR,23,16,14,0,0,0,0,0,0,0,,112,82,1149,14.01,2,0,7,240.9,11
44,Tucker Kraft,GNB,TE,24,17,17,0,0,0,0,0,3,6,2,70,50,707,14.14,1,1,7,163.3,7
45,Zach Ertz,WAS,TE,34,17,17,0,0,0,0,0,0,0,,91,66,654,9.91,1,0,7,177.4,8
46,Davante Adams,2TM,WR,32,14,14,0,0,0,0,0,0,0,,141,85,1063,12.51,0,0,8,241.3,12
47,Sam Darnold*,MIN,QB,27,17,17,361,545,4319,35,12,67,212,3.16,0,0,0,,8,4,1,308,9
48,Jameson Williams,DET,WR,23,15,11,0,0,0,0,0,11,61,5.55,91,58,1001,17.26,0,0,8,212.2,13
49,D'Andre Swift,CHI,RB,25,17,17,0,0,0,0,0,253,959,3.79,52,42,386,9.19,2,0,6,214.5,19
50,Jaxon Smith-Njigba*,SEA,WR,22,17,16,1,1,35,0,0,5,26,5.2,137,100,1130,11.3,1,0,6,253,14
51,Jerry Jeudy*,CLE,WR,25,17,16,0,0,0,0,0,0,0,,145,90,1229,13.66,0,0,4,240.9,15
52,Garrett Wilson,NYJ,WR,24,17,17,0,0,0,0,0,2,5,2.5,154,101,1104,10.93,2,2,7,251.9,16
53,Najee Harris,PIT,RB,26,17,17,0,0,0,0,0,263,1043,3.97,48,36,283,7.86,0,0,6,204.6,20
54,Jordan Addison,MIN,WR,22,15,15,0,0,0,0,0,3,20,6.67,99,63,875,13.89,0,0,10,212.5,18
55,A.J. Brown,PHI,WR,27,13,13,0,0,0,0,0,0,0,,97,67,1079,16.1,0,0,7,216.9,17
56,Tee Higgins,CIN,WR,25,12,9,0,0,0,0,0,0,0,,109,73,911,12.48,1,1,10,222.1,19
57,Pat Freiermuth,PIT,TE,26,17,11,0,0,0,0,0,0,0,,78,65,653,10.05,3,2,7,168.3,9
58,Kyler Murray,ARI,QB,27,17,17,372,541,3851,21,11,78,572,7.33,0,0,0,,8,4,5,297.2,10
59,Travis Kelce*,KAN,TE,35,16,16,0,0,0,0,0,1,1,1,133,97,823,8.48,2,1,3,195.4,10
60,Nico Collins*,HOU,WR,25,12,12,0,0,0,0,0,0,0,,99,68,1006,14.79,0,0,7,210.6,20
61,Jayden Reed,GNB,WR,24,17,10,0,0,0,0,0,20,163,8.15,75,55,857,15.58,3,1,7,197,21
62,J.K. Dobbins,LAC,RB,26,13,11,0,0,0,0,0,195,905,4.64,38,32,153,4.78,0,0,9,191.8,21
63,Tony Pollard,TEN,RB,27,16,16,0,0,0,0,0,260,1079,4.15,57,41,238,5.8,2,2,5,200.7,22
64,Rico Dowdle,DAL,RB,26,16,15,0,0,0,0,0,235,1079,4.59,49,39,249,6.38,3,2,5,197.8,23
65,D.J. Moore,CHI,WR,27,17,17,0,1,0,0,0,14,75,5.36,140,98,966,9.86,1,1,6,238.1,22
66,Tyreek Hill,MIA,WR,30,17,17,0,0,0,0,0,8,53,6.63,123,81,959,11.84,0,0,6,218.2,23
67,Zay Flowers*,BAL,WR,24,17,15,0,0,0,0,0,9,56,6.22,116,74,1059,14.31,0,0,4,209.5,24
68,Marvin Harrison Jr.,ARI,WR,22,17,16,0,0,0,0,0,0,0,,116,62,885,14.27,1,1,8,196.5,26
69,Calvin Ridley,TEN,WR,30,17,14,0,0,0,0,0,8,55,6.88,120,64,1017,15.89,1,1,5,199.2,25
70,Jauan Jennings,SFO,WR,27,15,10,0,0,0,0,0,0,0,,113,77,975,12.66,1,0,6,210.5,27
71,Justin Herbert,LAC,QB,26,17,17,332,504,3870,23,3,69,306,4.43,0,0,0,,6,2,2,285.4,11
72,DeVonta Smith,PHI,WR,26,13,13,0,0,0,0,0,1,1,1,89,68,833,12.25,0,0,8,199.4,28
73,Jakobi Meyers,LVR,WR,28,15,15,0,0,0,0,0,2,23,11.5,129,87,1027,11.8,0,0,4,218,29
74,Patrick Mahomes,KAN,QB,29,16,16,392,581,3928,26,11,58,307,5.29,1,1,2,2,2,0,2,283,12
75,Brock Purdy,SFO,QB,25,15,15,300,455,3864,20,12,66,323,4.89,0,0,0,,7,3,5,266.9,13
76,Geno Smith,SEA,QB,34,17,17,407,578,4320,21,15,53,272,5.13,0,0,0,,9,0,2,266,14
77,Aaron Rodgers,NYJ,QB,41,17,17,368,584,3897,28,11,22,107,4.86,0,0,0,,5,2,0,256.6,15
78,Caleb Williams,CHI,QB,23,17,17,351,562,3541,20,6,81,489,6.04,0,0,0,,10,5,0,254.5,16
79,Jordan Love,GNB,QB,26,15,15,268,425,3389,25,11,25,83,3.32,0,0,0,,4,0,1,233.9,17
80,C.J. Stroud,HOU,QB,23,17,17,336,532,3727,20,12,52,233,4.48,1,0,0,,6,4,0,220.4,18
81,Matthew Stafford,LAR,QB,36,16,16,340,517,3762,20,8,30,41,1.37,0,0,0,,6,2,0,214.6,19
82,Bryce Young,CAR,QB,23,14,12,234,384,2403,15,9,43,249,5.79,0,0,0,,5,2,6,195,20
83,Tua Tagovailoa,MIA,QB,26,11,11,291,399,2867,19,7,17,49,2.88,0,0,0,,7,2,0,181.6,21
84,Drake Maye*,NWE,QB,22,13,12,225,338,2276,15,10,54,421,7.8,0,0,0,,9,6,2,177.1,22
85,Kirk Cousins,ATL,QB,36,14,14,303,453,3508,18,16,23,0,0,0,0,0,,13,2,0,176.3,23
86,Russell Wilson*,PIT,QB,36,11,11,214,336,2482,16,5,43,155,3.6,0,0,0,,5,4,2,172.8,24
87,Anthony Richardson,IND,QB,22,11,11,126,264,1814,8,12,86,499,5.8,1,1,-1,-1,9,3,6,163.4,25
88,Derek Carr,NOR,QB,33,10,10,189,279,2145,15,5,17,71,4.18,0,0,0,,3,0,1,150.9,26
89,Rachaad White,TAM,RB,25,16,15,0,0,0,0,0,144,613,4.26,57,51,393,7.71,3,3,9,199.6,24
90,Zach Charbonnet,SEA,RB,23,17,6,0,0,0,0,0,135,569,4.21,52,42,340,8.1,0,0,9,186.9,25
91,Trevor Lawrence,JAX,QB,25,10,10,172,284,2045,11,7,26,119,4.58,0,0,-5,,3,1,3,145.2,27
92,Tyrone Tracy Jr.,NYG,RB,25,17,12,0,0,0,0,0,192,839,4.37,53,38,284,7.47,5,2,6,182.3,26
93,Rhamondre Stevenson,NWE,RB,26,15,14,0,0,0,0,0,207,801,3.87,41,33,168,5.09,7,3,8,175.9,27
94,Brian Robinson Jr.,WAS,RB,25,14,13,0,0,0,0,0,187,799,4.27,25,20,159,7.95,2,2,8,159.8,28
95,Daniel Jones,NYG,QB,27,10,10,216,341,2070,8,7,67,265,3.96,0,0,0,,4,2,2,135.3,28
96,Kenneth Walker III,SEA,RB,24,11,11,0,0,0,0,0,153,573,3.75,53,46,299,6.5,1,0,8,181.2,29
97,Kareem Hunt,KAN,RB,29,13,8,0,0,0,0,0,200,728,3.64,32,23,176,7.65,0,0,7,155.4,30
98,Jameis Winston,CLE,QB,30,12,7,181,296,2121,13,12,25,83,3.32,0,0,0,,5,2,1,131.1,29
99,Rashod Bateman,BAL,WR,25,17,14,0,0,0,0,0,0,0,,72,45,756,16.8,0,0,9,174.6,30
100,Darnell Mooney,ATL,WR,27,16,16,0,1,0,0,0,0,0,,106,64,992,15.5,0,0,5,193.2,31
101,Puka Nacua,LAR,WR,23,11,11,0,0,0,0,0,11,46,4.18,106,79,990,12.53,0,0,4,206.6,33
102,Xavier Worthy,KAN,WR,21,17,13,0,0,0,0,0,20,104,5.2,98,59,638,10.81,0,0,9,187.2,32
103,D.K. Metcalf,SEA,WR,27,15,12,0,0,0,0,0,0,0,,108,66,992,15.03,2,2,5,191.2,34
104,Alec Pierce,IND,WR,24,16,13,0,0,0,0,0,0,0,,69,37,824,22.27,0,0,7,161.4,35
105,Tank Bigsby,JAX,RB,23,16,1,0,0,0,0,0,168,766,4.56,12,7,54,7.71,4,1,7,129,31
106,Quentin Johnston,LAC,WR,23,15,11,0,0,0,0,0,3,6,2,91,55,711,12.93,0,0,8,174.7,36
107,Will Levis,TEN,QB,25,12,12,190,301,2091,13,12,45,183,4.07,0,0,0,,10,6,0,119.9,30
108,Justin Fields,PIT,QB,25,10,6,106,161,1106,5,1,62,289,4.66,0,0,0,,6,1,5,119.1,31
109,Dak Prescott,DAL,QB,31,8,8,185,286,1978,11,8,13,54,4.15,0,0,0,,4,1,1,116.5,32
110,Keenan Allen,CHI,WR,32,15,15,0,1,0,0,1,0,0,,121,70,744,10.63,1,0,7,184.4,37
111,Josh Downs,IND,WR,23,14,8,0,0,0,0,0,1,12,12,107,72,803,11.15,0,0,5,183.5,38
112,Cooper Rush,DAL,QB,31,12,8,187,308,1844,12,5,26,18,0.69,0,0,0,,9,3,0,109.6,33
113,Cooper Kupp,LAR,WR,31,12,11,0,0,0,0,0,2,10,5,100,67,710,10.6,1,0,6,175,39
114,Khalil Shakir,BUF,WR,24,15,9,0,0,0,0,0,2,4,2,100,76,821,10.8,1,0,4,182.5,40
115,Javonte Williams,DEN,RB,24,17,11,0,0,0,0,0,139,513,3.69,70,52,346,6.65,2,2,4,157.9,32
116,George Pickens,PIT,WR,23,14,12,0,0,0,0,0,2,-6,-3,103,59,900,15.25,1,1,3,164.4,41
117,Jordan Mason,SFO,RB,25,12,6,0,0,0,0,0,153,789,5.16,14,11,91,8.27,3,1,3,115,33
118,Nick Westbrook-Ikhine,TEN,WR,27,17,9,0,0,0,0,0,0,0,,60,32,497,15.53,0,0,9,135.7,42
119,Deebo Samuel,SFO,WR,28,15,15,0,0,0,0,0,42,136,3.24,81,51,670,13.14,2,1,4,153.6,44
120,Jalen Tolbert,DAL,WR,25,17,15,0,0,0,0,0,0,0,,79,49,610,12.45,0,0,7,152,43
121,Alexander Mattison,LVR,RB,26,14,7,0,0,0,0,0,132,420,3.18,48,36,294,8.17,1,1,5,137.4,34
122,Ray Davis,BUF,RB,25,17,0,0,0,0,0,0,113,442,3.91,19,17,189,11.12,0,0,6,116.1,35
123,Joe Flacco,IND,QB,39,8,6,162,248,1761,12,7,9,26,2.89,0,0,0,,4,4,0,99,34
124,Jalen McMillan,TAM,WR,23,13,12,0,0,0,0,0,4,43,10.75,58,37,461,12.46,0,0,8,135.4,45
125,Austin Ekeler,WAS,RB,29,12,6,0,0,0,0,0,77,367,4.77,41,35,366,10.46,3,0,4,132.3,36
126,Jerome Ford,CLE,RB,25,14,6,0,0,0,0,0,104,565,5.43,43,37,225,6.08,0,0,3,134,37
127,Michael Pittman Jr.,IND,WR,27,16,14,0,0,0,0,0,0,0,,111,69,808,11.71,1,1,3,165.8,46
128,Mac Jones,JAX,QB,26,10,7,171,262,1672,8,8,28,92,3.29,0,0,0,,2,2,1,96.1,36
129,Gardner Minshew II,LVR,QB,28,10,9,203,306,2013,9,10,19,58,3.05,0,0,0,,6,4,0,96.3,35
130,Mason Rudolph,TEN,QB,29,8,5,146,228,1530,9,9,25,106,4.24,0,0,0,,5,1,1,95.8,37
131,Tyler Allgeier,ATL,RB,24,17,0,0,0,0,0,0,137,644,4.7,13,13,88,6.77,0,0,3,106.2,38
132,Aidan O'Connell,LVR,QB,26,9,7,154,243,1612,8,4,21,30,1.43,0,0,0,,2,2,1,93.5,38
133,Demarcus Robinson,LAR,WR,30,17,17,0,0,0,0,0,0,0,,64,31,505,16.29,0,0,7,123.5,47
134,Adam Thielen,CAR,WR,34,10,10,0,0,0,0,0,0,0,,62,48,615,12.81,0,0,5,139.5,49
135,Jaylen Waddle,MIA,WR,26,15,15,0,0,0,0,0,4,12,3,83,58,744,12.83,0,0,2,149.6,48
136,Travis Etienne,JAX,RB,25,15,15,0,0,0,0,0,150,558,3.72,52,39,254,6.51,1,1,2,130.2,39
137,DeAndre Hopkins,2TM,WR,32,16,8,0,0,0,0,0,0,0,,80,56,610,10.89,1,0,5,147,50
138,Marvin Mims*+,DEN,WR,22,17,2,0,0,0,0,0,13,42,3.23,52,39,503,12.9,1,0,6,129.5,52
139,Rome Odunze,CHI,WR,22,17,12,0,0,0,0,0,3,15,5,101,54,734,13.59,2,1,3,144.9,51
140,Wan'Dale Robinson,NYG,WR,23,17,7,0,0,0,0,0,3,18,6,140,93,699,7.52,0,0,3,182.7,53
141,Tank Dell,HOU,WR,25,14,10,0,0,0,0,0,9,43,4.78,81,51,667,13.08,0,0,3,140,54
142,Allen Lazard,NYJ,WR,29,12,10,0,1,0,0,0,0,0,,60,37,530,14.32,0,0,6,126,55
143,Chris Godwin,TAM,WR,28,7,7,0,0,0,0,0,1,2,2,62,50,576,11.52,1,0,5,137.8,56
144,Romeo Doubs,GNB,WR,24,13,12,0,0,0,0,0,0,0,,72,46,601,13.07,0,0,4,132.1,57
145,Jaylen Warren,PIT,RB,26,15,0,0,0,0,0,0,120,511,4.26,47,38,310,8.16,2,1,1,124.1,40
146,Ameer Abdullah,LVR,RB,31,16,3,0,0,0,0,0,66,311,4.71,47,40,261,6.53,2,1,5,125.2,41
147,Justice Hill,BAL,RB,27,15,0,0,0,0,0,0,47,228,4.85,51,42,383,9.12,0,0,4,127.1,42
148,David Njoku,CLE,TE,28,11,11,0,0,0,0,0,0,0,,97,64,505,7.89,0,0,5,148.5,11
149,Emanuel Wilson,GNB,RB,25,17,0,0,0,0,0,0,103,502,4.87,14,11,48,4.36,0,0,5,96,43
150,Andrei Iosivas,CIN,WR,25,17,8,0,0,0,0,0,0,0,,61,36,479,13.31,0,0,6,119.9,58
151,Kyle Pitts,ATL,TE,24,17,15,0,0,0,0,0,0,0,,74,47,602,12.81,0,0,4,131.2,12
152,Tyjae Spears,TEN,RB,23,12,1,0,0,0,0,0,84,312,3.71,35,30,224,7.47,1,0,5,113.6,44
153,Calvin Austin III,PIT,WR,25,17,8,0,0,0,0,0,0,0,,58,36,548,15.22,1,1,5,118.8,59
154,Keon Coleman,BUF,WR,21,13,12,0,0,0,0,0,1,9,9,57,29,556,19.17,0,0,4,111.5,60
155,Demario Douglas,NWE,WR,24,17,7,0,0,0,0,0,3,16,5.33,87,66,621,9.41,1,0,3,147.7,62
156,Isaiah Likely,BAL,TE,24,16,9,0,0,0,0,0,0,0,,58,42,477,11.36,1,1,6,123.7,13
157,Cade Otton,TAM,TE,25,14,14,0,0,0,0,0,1,-4,-4,87,59,600,10.17,2,1,4,140.6,14
158,Tre Tucker,LVR,WR,23,17,14,0,0,0,0,0,9,44,4.89,81,47,539,11.47,0,0,4,129.3,61
159,Antonio Gibson,NWE,RB,26,17,3,0,0,0,0,0,120,538,4.48,29,23,206,8.96,2,0,1,103.4,45
160,Drew Lock,NYG,QB,28,8,5,107,181,1071,6,5,18,133,7.39,0,0,0,,5,2,2,80.1,39
161,Cam Akers,2TM,RB,25,17,2,0,0,0,0,0,104,444,4.27,18,14,68,4.86,1,1,5,93.2,46
162,Kayshon Boutte,NWE,WR,22,15,13,0,0,0,0,0,0,0,,68,43,589,13.7,0,0,3,121.9,63
163,Amari Cooper,2TM,WR,30,14,10,0,0,0,0,0,0,0,,85,44,547,12.43,0,0,4,122.7,64
164,Isaac Guerendo,SFO,RB,24,16,3,0,0,0,0,0,84,420,5,16,15,152,10.13,3,1,4,94.2,47
165,Hunter Henry,NWE,TE,30,16,16,0,0,0,0,0,0,0,,97,66,674,10.21,0,0,2,145.4,15
166,Taysom Hill,NOR,TE,34,8,8,2,4,21,0,1,39,278,7.13,31,23,187,8.13,1,1,6,102.3,16
167,Ray-Ray McCloud,ATL,WR,28,17,13,0,0,0,0,0,10,79,7.9,87,62,686,11.06,4,2,1,140.5,65
168,Michael Wilson,ARI,WR,24,16,13,0,0,0,0,0,1,7,7,71,47,548,11.66,1,1,4,124.5,66
169,Mike Gesicki,CIN,TE,29,17,3,0,0,0,0,0,0,0,,83,65,665,10.23,1,1,2,141.5,17
170,Deshaun Watson,CLE,QB,29,7,7,137,216,1148,5,3,31,148,4.77,0,0,0,,5,3,1,76.7,40
171,Xavier Legette,CAR,WR,23,16,13,0,0,0,0,0,6,24,4,84,49,497,10.14,0,0,4,125.1,68
172,Devin Singletary,NYG,RB,27,15,5,0,0,0,0,0,113,437,3.87,24,21,119,5.67,2,2,4,96.6,48
173,Christian Watson,GNB,WR,25,15,15,0,0,0,0,0,4,23,5.75,53,29,620,21.38,1,1,2,105.3,67
174,Stefon Diggs,HOU,WR,31,8,8,1,1,13,0,0,3,8,2.67,64,47,496,10.55,0,0,4,121.9,70
175,Jalen Nailor,MIN,WR,25,17,7,0,0,0,0,0,3,-4,-1.33,42,28,414,14.79,1,1,6,103,69
176,Ty Johnson,BUF,RB,27,17,1,0,0,0,0,0,41,213,5.2,25,18,284,15.78,0,0,4,91.7,49
177,Noah Gray,KAN,TE,25,17,10,0,0,0,0,0,1,-4,-4,49,40,437,10.93,0,0,5,113.3,19
178,Juwan Johnson,NOR,TE,28,17,5,0,0,0,0,0,0,0,,66,50,548,10.96,2,0,3,122.8,20
179,Cole Kmet,CHI,TE,25,17,16,0,0,0,0,0,0,0,,55,47,474,10.09,0,0,4,120.4,18
180,Jaleel McLaughlin,DEN,RB,24,16,5,0,0,0,0,0,113,496,4.39,27,24,76,3.17,1,1,3,97.2,50
181,KaVontae Turpin*+,DAL,WR,28,17,2,0,0,0,0,0,16,92,5.75,52,31,420,13.55,3,1,4,104.2,71
182,Tyler Lockett,SEA,WR,32,17,14,0,0,0,0,0,0,0,,74,49,600,12.24,0,0,2,121,72
183,Dontayvion Wicks,GNB,WR,23,17,5,0,0,0,0,0,0,0,,76,39,415,10.64,0,0,5,110.5,73
184,Tyler Conklin,NYJ,TE,29,16,15,0,0,0,0,0,1,0,0,72,51,449,8.8,0,0,4,121.9,22
185,Foster Moreau,NOR,TE,27,17,17,0,0,0,0,0,0,0,,43,32,413,12.91,0,0,5,103.3,21
186,Darius Slayton,NYG,WR,27,16,13,0,0,0,0,0,2,17,8.5,71,39,573,14.69,1,0,2,110,74
187,Mack Hollins,BUF,WR,31,17,13,0,0,0,0,0,0,0,,50,31,378,12.19,0,0,5,98.8,76
188,Josh Palmer,LAC,WR,25,15,7,0,0,0,0,0,0,0,,65,39,584,14.97,0,0,1,107.4,75
189,Spencer Rattler,NOR,QB,24,7,6,130,228,1317,4,5,18,146,8.11,0,0,0,,5,3,0,67.3,41
190,Olamide Zaccheaus,WAS,WR,27,17,6,0,0,0,0,0,1,8,8,64,45,506,11.24,3,1,3,112.4,77
191,Braelon Allen,NYJ,RB,20,17,2,0,0,0,0,0,92,334,3.63,27,19,148,7.79,0,0,3,85.2,51
192,Marquez Valdes-Scantling,2TM,WR,30,14,8,0,0,0,0,0,1,4,4,44,19,411,21.63,0,0,4,84.5,78
193,Devaughn Vele,DEN,WR,27,13,7,0,0,0,0,0,0,0,,55,41,475,11.59,0,0,3,106.5,79
194,Dalton Schultz,HOU,TE,28,17,13,0,0,0,0,0,0,0,,85,53,532,10.04,0,0,2,118.2,23
195,Parker Washington,JAX,WR,22,17,7,0,0,0,0,0,0,0,,51,32,390,12.19,2,0,4,97,80
196,Austin Hooper,NWE,TE,30,17,8,0,0,0,0,0,0,0,,59,45,476,10.58,2,1,3,108.6,24
197,Ricky Pearsall,SFO,WR,24,11,4,0,1,0,0,0,3,45,15,46,31,400,12.9,0,0,3,93.5,81
198,Dallas Goedert,PHI,TE,29,10,10,0,0,0,0,0,0,0,,52,42,496,11.81,2,0,2,103.6,25
199,Chigoziem Okonkwo,TEN,TE,25,17,11,0,0,0,0,0,1,17,17,70,52,479,9.21,2,1,2,113.6,26
200,Jalen Coker,CAR,WR,23,11,4,1,1,19,0,0,0,0,,46,32,478,14.94,0,0,2,92.6,82
201,Gus Edwards,LAC,RB,29,11,6,0,0,0,0,0,101,365,3.61,5,3,6,2,0,0,4,64.1,53
202,Tyler Huntley,MIA,QB,26,5,5,86,133,829,3,3,26,135,5.19,0,0,0,,6,2,2,60.7,42
203,Roschon Johnson,CHI,RB,23,14,0,0,0,0,0,0,55,150,2.73,20,16,104,6.5,0,0,6,77.4,52
204,Will Dissly,LAC,TE,28,15,8,0,0,0,0,0,0,0,,64,50,481,9.62,0,0,2,110.1,27
205,Elijah Moore,CLE,WR,24,17,13,0,0,0,0,0,1,1,1,102,61,538,8.82,0,0,1,120.9,83
206,Rashid Shaheed,NOR,WR,26,6,5,0,0,0,0,0,6,29,4.83,41,20,349,17.45,1,1,4,79.8,84
207,Sean Tucker,TAM,RB,23,17,0,0,0,0,0,0,50,308,6.16,12,9,109,12.11,1,0,3,68.7,54
208,Andy Dalton,CAR,QB,37,6,5,106,160,989,7,6,11,34,3.09,0,0,0,,2,0,0,59,43
209,Zack Moss,CIN,RB,27,8,6,0,0,0,0,0,74,242,3.27,27,23,187,8.13,2,1,3,81.9,55
210,Tim Patrick,DET,WR,31,16,9,0,0,0,0,0,0,0,,44,33,394,11.94,0,0,3,92.4,85
211,Nick Chubb,CLE,RB,29,8,8,0,0,0,0,0,102,332,3.25,11,5,31,6.2,1,1,4,63.3,56
212,Tutu Atwell,LAR,WR,25,17,5,0,1,0,0,0,2,7,3.5,62,42,562,13.38,0,0,0,98.9,86
213,Dalton Kincaid,BUF,TE,25,13,9,0,0,0,0,0,0,0,,75,44,448,10.18,1,0,2,100.8,28
214,Noah Fant,SEA,TE,27,14,9,0,0,0,0,0,0,0,,64,48,500,10.42,0,0,1,104,29
215,Diontae Johnson,3TM,WR,28,12,8,0,0,0,0,0,2,6,3,67,33,375,11.36,0,0,3,89.1,87
216,Jeremy McNichols,WAS,RB,29,17,1,0,0,0,0,0,55,261,4.75,12,9,27,3,0,0,4,63.8,57
217,Greg Dortch,ARI,WR,26,17,4,0,0,0,0,0,5,31,6.2,50,37,342,9.24,3,1,3,90.3,88
218,David Moore,CAR,WR,29,17,5,0,0,0,0,0,1,0,0,57,32,351,10.97,0,0,3,85.1,89
219,Samaje Perine,KAN,RB,29,17,0,0,0,0,0,0,20,92,4.6,35,28,322,11.5,0,0,2,81.4,58
220,Miles Sanders,CAR,RB,27,11,2,0,0,0,0,0,55,205,3.73,30,24,148,6.17,1,0,3,77.3,59
221,Raheem Mostert,MIA,RB,32,13,1,0,0,0,0,0,85,278,3.27,23,19,161,8.47,2,2,2,70.9,60
222,Malik Willis,GNB,QB,25,7,2,40,54,550,3,0,20,138,6.9,0,0,0,,1,1,1,51.8,44
223,Jordan Akins,CLE,TE,32,17,6,0,0,0,0,0,0,0,,58,40,390,9.75,1,0,2,91,31
224,Noah Brown,WAS,WR,28,11,9,0,0,0,0,0,0,0,,56,35,453,12.94,0,0,1,86.3,91
225,Brenton Strange,JAX,TE,24,17,10,0,0,0,0,0,0,0,,53,40,411,10.28,1,1,2,91.1,30
226,Cedric Tillman,CLE,WR,24,11,6,0,0,0,0,0,1,-5,-5,49,29,339,11.69,1,1,3,80.4,90
227,AJ Barner,SEA,TE,22,17,6,0,0,0,0,0,0,0,,38,30,245,8.17,0,0,4,78.5,32
228,Sterling Shepard,TAM,WR,31,14,5,0,0,0,0,0,8,69,8.63,51,32,334,10.44,0,0,1,80.3,92
229,Kenneth Gainwell,PHI,RB,25,17,1,0,0,0,0,0,75,290,3.87,22,16,116,7.25,0,0,1,62.6,61
230,Ezekiel Elliott,DAL,RB,29,15,2,0,0,0,0,0,74,226,3.05,15,12,69,5.75,1,1,3,57.5,62
231,T.J. Hockenson,MIN,TE,27,10,9,0,0,0,0,0,0,0,,62,41,455,11.1,0,0,0,86.5,33
232,Marcus Mariota,WAS,QB,31,3,0,34,44,364,4,0,18,92,5.11,0,0,0,,0,0,1,45.8,45
233,Jacoby Brissett,NWE,QB,32,8,5,95,161,826,2,1,15,62,4.13,0,0,0,,4,1,0,45.2,46
234,Jake Ferguson,DAL,TE,25,14,14,0,0,0,0,0,0,0,,86,59,494,8.37,4,2,0,104.4,34
235,Chris Olave,NOR,WR,24,8,8,0,0,0,0,0,1,7,7,44,32,400,12.5,1,1,1,76.7,93
236,Isiah Pacheco,KAN,RB,25,7,6,0,0,0,0,0,83,310,3.73,16,12,79,6.58,0,0,1,56.9,63
237,Brandin Cooks,DAL,WR,31,10,9,0,0,0,0,0,3,-3,-1,54,26,259,9.96,0,0,3,69.6,95
238,Audric Estime,DEN,RB,21,13,1,0,0,0,0,0,76,310,4.08,5,5,27,5.4,2,1,2,48.7,64
239,Christian Kirk,JAX,WR,28,8,7,0,0,0,0,0,0,0,,47,27,379,14.04,0,0,1,70.9,94
240,Josh Oliver,MIN,TE,27,15,12,0,0,0,0,0,0,0,,28,22,258,11.73,0,0,3,65.8,35
241,Michael Penix,ATL,QB,24,5,3,61,105,775,3,3,7,11,1.57,0,0,0,,2,0,1,44.1,47
242,Evan Engram,JAX,TE,30,9,9,0,0,0,0,0,0,0,,64,47,365,7.77,1,1,1,89.5,36
243,Dameon Pierce,HOU,RB,24,11,0,0,0,0,0,0,40,293,7.33,4,2,2,1,1,0,2,43.5,65
244,Trey Benson,ARI,RB,21,13,1,0,0,0,0,0,63,291,4.62,6,6,59,9.83,1,0,1,47,66
245,Rashee Rice,KAN,WR,24,4,4,0,0,0,0,0,1,1,1,29,24,288,12,0,0,2,64.9,96
246,Justin Watson,KAN,WR,28,17,7,0,0,0,0,0,0,0,,32,22,289,13.14,0,0,2,62.9,97
247,Van Jefferson,PIT,WR,28,17,12,0,0,0,0,0,0,0,,40,24,276,11.5,0,0,2,63.6,98
248,Kalif Raymond,DET,WR,30,12,2,0,0,0,0,0,2,0,0,22,17,215,12.65,0,0,3,56.5,99
249,Ja'Tavion Sanders,CAR,TE,21,16,8,0,0,0,0,0,0,0,,43,33,342,10.36,1,0,1,73.2,37
250,Tyler Boyd,TEN,WR,30,16,8,0,1,0,0,0,1,3,3,57,39,390,10,0,0,0,78.3,100
251,Emari Demercado,ARI,RB,25,13,0,0,0,0,0,0,24,223,9.29,20,16,104,6.5,0,0,1,54.7,67
252,Troy Franklin,DEN,WR,21,16,6,0,0,0,0,0,2,8,4,53,28,263,9.39,0,0,2,67.1,101
253,Theo Johnson,NYG,TE,23,12,11,0,0,0,0,0,0,0,,43,29,331,11.41,0,0,1,68.1,38
254,Kyle Juszczyk*,SFO,FB,33,17,15,0,0,0,0,0,5,26,5.2,31,19,200,10.53,1,1,3,57.6,68
255,Trey Sermon,IND,RB,25,17,3,0,0,0,0,0,56,159,2.84,19,16,99,6.19,0,0,2,53.8,69
256,Brandon Aiyuk,SFO,WR,26,7,7,0,0,0,0,0,0,0,,47,25,374,14.96,0,0,0,62.4,102
257,Kendrick Bourne,NWE,WR,29,12,9,0,1,0,0,0,1,6,6,38,28,305,10.89,0,0,1,65.1,104
258,Dyami Brown,WAS,WR,25,16,3,0,1,0,0,0,3,26,8.67,40,30,308,10.27,1,1,1,67.4,103
259,Isaiah Davis,NYJ,RB,22,17,0,0,0,0,0,0,30,174,5.8,12,9,75,8.33,0,0,2,45.9,71
260,Dawson Knox,BUF,TE,28,16,13,0,0,0,0,0,0,0,,33,22,311,14.14,0,0,1,59.1,39
261,Dare Ogunbowale,HOU,RB,30,17,1,0,0,0,0,0,30,112,3.73,28,19,198,10.42,0,0,1,56,70
262,Grant Calcaterra,PHI,TE,26,17,13,0,0,0,0,0,0,0,,30,24,298,12.42,0,0,1,59.8,40
263,Mike Williams,2TM,WR,30,18,5,0,0,0,0,0,0,0,,34,21,298,14.19,0,0,1,56.8,105
264,Nelson Agholor,BAL,WR,31,14,7,0,0,0,0,0,0,0,,29,14,231,16.5,0,0,2,49.1,106
265,Tyler Johnson,LAR,WR,26,15,2,0,0,0,0,0,0,0,,41,26,291,11.19,0,0,1,61.1,107
266,Colby Parkinson,LAR,TE,25,17,9,0,0,0,0,0,0,0,,49,30,294,9.8,0,0,1,65.4,41
267,JuJu Smith-Schuster,KAN,WR,28,14,8,0,0,0,0,0,0,0,,26,18,231,12.83,0,0,2,53.1,108
268,Gabriel Davis,JAX,WR,25,10,9,0,0,0,0,0,0,0,,42,20,239,11.95,1,1,2,53.9,109
269,Tyler Goodson,IND,RB,24,16,0,0,0,0,0,0,32,153,4.78,15,11,61,5.55,0,0,2,44.4,72
270,Lil'Jordan Humphrey,DEN,WR,26,17,7,0,0,0,0,0,0,0,,45,31,293,9.45,2,1,1,64.3,110
271,Christian McCaffrey,SFO,RB,28,4,4,0,0,0,0,0,50,202,4.04,19,15,146,9.73,1,1,0,47.8,73
272,Curtis Samuel,BUF,WR,28,14,2,0,0,0,0,0,5,14,2.8,46,31,253,8.16,0,0,1,63.7,111
273,Tommy Tremble,CAR,TE,24,12,11,0,0,0,0,0,0,0,,32,23,234,10.17,1,1,2,56.4,42
274,Josh Whyle,TEN,TE,25,17,4,0,0,0,0,0,0,0,,37,28,248,8.86,0,0,1,60.8,43
275,Nick Vannett,TEN,TE,31,17,10,0,0,0,0,0,0,0,,20,17,135,7.94,0,0,3,48.5,44
276,Chris Brooks,GNB,RB,24,15,0,0,0,0,0,0,36,183,5.08,13,11,69,6.27,0,0,1,42.2,74
277,Joshua Dobbs,SFO,QB,29,2,1,32,47,361,2,2,9,24,2.67,0,0,0,,2,1,2,30.8,48
278,John Metchie,HOU,WR,24,13,3,0,0,0,0,0,0,0,,37,24,254,10.58,1,0,1,55.4,112
279,Adonai Mitchell,IND,WR,22,17,7,1,1,24,0,0,4,6,1.5,55,23,312,13.57,2,1,0,53.8,114
280,Chris Rodriguez,WAS,RB,24,9,0,0,0,0,0,0,35,173,4.94,1,1,12,12,0,0,2,31.5,75
281,Adam Trautman,DEN,TE,27,17,14,0,0,0,0,0,0,0,,22,13,188,14.46,0,0,2,43.8,45
282,DJ Turner,LVR,WR,27,12,6,0,0,0,0,0,5,33,6.6,29,16,158,9.88,1,0,2,47.1,113
283,Jordan Whittington,LAR,WR,24,15,3,0,0,0,0,0,2,12,6,28,22,293,13.32,0,0,0,52.5,115
284,Nate Adkins,DEN,TE,25,17,10,0,0,0,0,0,0,0,,15,14,115,8.21,0,0,3,43.5,47
285,Hassan Haskins,LAC,RB,25,17,0,0,0,0,0,0,34,89,2.62,3,3,49,16.33,1,1,3,32.8,76
286,Luke Schoonmaker,DAL,TE,26,17,6,0,0,0,0,0,0,0,,36,27,241,8.93,0,0,1,57.1,46
287,Cedrick Wilson Jr.,NOR,WR,29,15,4,1,1,21,1,0,0,0,,27,20,211,10.55,1,1,1,49.9,116
288,Elijah Higgins,ARI,TE,24,17,6,0,0,0,0,0,0,0,,24,20,172,8.6,0,0,2,49.2,48
289,Tanner McKee,PHI,QB,24,2,1,30,45,323,4,0,5,-1,-0.2,0,0,0,,0,0,0,28.8,49
290,Malik Washington,MIA,WR,23,14,3,0,0,0,0,0,5,25,5,36,26,223,8.58,1,1,1,54.8,117
291,Kimani Vidal,LAC,RB,23,10,0,0,0,0,0,0,43,155,3.6,9,5,62,12.4,1,0,1,32.7,78
292,Jamaal Williams,NOR,RB,29,14,1,0,0,0,0,0,48,164,3.42,11,9,57,6.33,0,0,1,37.1,77
293,Blake Corum,LAR,RB,24,17,1,0,0,0,0,0,58,207,3.57,8,7,58,8.29,0,0,0,33.5,81
294,Derius Davis,LAC,WR,24,15,2,0,0,0,0,0,12,39,3.25,17,13,112,8.62,3,0,2,40.1,118
295,D'Onta Foreman,CLE,RB,28,11,3,0,0,0,0,0,71,232,3.27,8,6,54,9,2,1,0,32.6,80
296,Patrick Taylor,SFO,RB,26,13,1,0,0,0,0,0,39,183,4.69,11,3,25,8.33,0,0,1,29.8,79
297,Johnny Mundt,MIN,TE,30,17,3,0,0,0,0,0,0,0,,27,19,142,7.47,0,0,2,45.2,49
298,Cordarrelle Patterson,PIT,RB,33,13,1,0,0,0,0,0,32,135,4.22,14,12,80,6.67,1,1,1,37.5,82
299,Darnell Washington,PIT,TE,23,17,9,0,0,0,0,0,0,0,,25,19,200,10.53,0,0,1,45,50
300,Michael Carter,ARI,RB,25,3,1,0,0,0,0,0,35,131,3.74,11,11,57,5.18,0,0,1,35.8,83
301,KhaDarel Hodge*,ATL,WR,29,17,2,0,0,0,0,0,0,0,,12,7,131,18.71,0,0,2,32.1,121
302,Ryan Miller,TAM,WR,24,11,3,0,0,0,0,0,0,0,,20,12,128,10.67,0,0,2,36.8,122
303,Kenny Pickett,PHI,QB,26,5,1,25,42,291,2,1,9,15,1.67,0,0,0,,1,0,1,25.1,50
304,Josh Reynolds,2TM,WR,29,9,2,0,0,0,0,0,0,0,,24,13,194,14.92,0,0,1,38.4,119
305,Tylan Wallace,BAL,WR,25,17,0,0,0,0,0,0,0,0,,12,11,193,17.55,1,0,1,36.3,120
306,Jalen Brooks,DAL,WR,24,14,1,0,0,0,0,0,0,0,,30,12,177,14.75,0,0,1,35.7,123
307,Payne Durham,TAM,TE,24,16,6,0,0,0,0,0,0,0,,14,11,115,10.45,1,0,2,34.5,51
308,D'Ernest Johnson,JAX,RB,28,14,1,0,0,0,0,0,32,143,4.47,19,12,96,8,0,0,0,35.9,85
309,Kendre Miller,NOR,RB,22,6,2,0,0,0,0,0,39,148,3.79,8,5,33,6.6,0,0,1,29.1,84
310,Jaylen Wright,MIA,RB,21,15,1,0,0,0,0,0,68,249,3.66,6,3,8,2.67,1,1,0,26.7,86
311,Jahan Dotson,PHI,WR,24,17,6,0,0,0,0,0,1,13,13,33,19,216,11.37,0,0,0,41.9,125
312,Trey Palmer,TAM,WR,23,15,3,0,0,0,0,0,0,0,,22,12,172,14.33,1,0,1,35.2,124
313,Zamir White,LVR,RB,25,8,5,0,0,0,0,0,65,183,2.82,8,6,30,5,2,2,1,29.3,87
314,Ty Chandler,MIN,RB,26,17,0,0,0,0,0,0,56,182,3.25,6,6,42,7,0,0,0,28.4,88
315,Malik Heath,GNB,WR,24,13,1,0,0,0,0,0,0,0,,13,10,97,9.7,0,0,2,31.7,126
316,Khalil Herbert,2TM,RB,26,14,1,0,0,0,0,0,36,130,3.61,11,10,25,2.5,1,0,1,31.5,89
317,Desmond Ridder,LVR,QB,25,6,1,52,85,458,2,2,9,36,4,0,0,0,,3,2,0,21.9,51
318,Brock Wright,DET,TE,26,17,8,0,0,0,0,0,0,0,,16,13,100,7.69,0,0,2,35,52
319,Mo Alie-Cox,IND,TE,31,17,13,0,0,0,0,0,0,0,,22,12,147,12.25,0,0,1,32.7,53
320,Mecole Hardman,KAN,WR,26,12,0,0,0,0,0,0,5,62,12.4,14,12,90,7.5,0,0,1,33.2,127
321,Sincere McCormick,LVR,RB,24,5,2,0,0,0,0,0,39,183,4.69,7,6,29,4.83,0,0,0,27.2,90
322,Ja'Lynn Polk,NWE,WR,22,15,7,0,0,0,0,0,1,0,0,33,12,87,7.25,0,0,2,32.7,128
323,Pierre Strong,CLE,RB,26,14,0,0,0,0,0,0,26,108,4.15,22,14,104,7.43,0,0,0,35.2,91
324,Jimmy Garoppolo,LAR,QB,33,1,1,27,41,334,2,1,2,5,2.5,0,0,0,,0,0,0,19.9,53
325,Tanner Hudson,CIN,TE,30,11,0,0,0,0,0,0,1,1,1,23,19,154,8.11,1,1,1,38.5,54
326,Dante Pettis,NOR,WR,29,8,0,0,0,0,0,0,0,0,,28,12,120,10,0,0,1,32,129
327,Tyrod Taylor,NYJ,QB,35,2,0,17,22,119,3,0,3,13,4.33,0,0,0,,1,0,0,20.1,52
328,Michael Burton,DEN,FB,32,17,2,0,0,0,0,0,7,8,1.14,10,10,65,6.5,0,0,2,29.3,93
329,Jamycal Hasty,NWE,RB,28,15,0,0,0,0,0,0,20,69,3.45,12,10,59,5.9,0,0,1,28.8,94
330,Tyler Higbee,LAR,TE,31,3,3,0,0,0,0,0,0,0,,12,8,66,8.25,0,0,2,26.6,58
331,Charlie Kolar,BAL,TE,25,13,3,0,0,0,0,0,1,2,2,11,9,131,14.56,0,0,1,28.3,55
332,Kenny McIntosh,SEA,RB,24,17,0,0,0,0,0,0,31,172,5.55,4,3,22,7.33,0,0,0,22.4,92
333,Joe Milton,NWE,QB,24,1,0,22,29,241,1,0,10,16,1.6,0,0,0,,1,1,1,19.2,54
334,Stone Smartt,LAC,TE,26,15,2,0,0,0,0,0,0,0,,19,16,208,13,1,1,0,34.8,57
335,Cade Stover,HOU,TE,24,15,9,0,0,0,0,0,0,0,,22,15,133,8.87,0,0,1,34.3,56
336,DeeJay Dallas,ARI,RB,26,17,0,0,0,0,0,0,9,49,5.44,3,3,11,3.67,1,0,2,21,95
337,Kylen Granson,IND,TE,26,17,6,0,0,0,0,0,0,0,,31,14,182,13,0,0,0,32.2,59
338,Bub Means,NOR,WR,23,7,1,0,0,0,0,0,0,0,,15,9,118,13.11,0,0,1,26.8,131
339,Craig Reynolds,DET,RB,28,17,0,0,0,0,0,0,31,139,4.48,5,3,40,13.33,1,0,0,20.9,96
340,Robert Woods,HOU,WR,32,15,4,0,0,0,0,0,0,0,,30,20,203,10.15,3,1,0,38.3,130
341,Jake Bobo,SEA,WR,26,17,3,0,0,0,0,0,0,0,,17,13,107,8.23,0,0,1,29.7,135
342,Jamison Crowder,WAS,WR,31,6,1,0,0,0,0,0,0,0,,13,9,72,8,2,1,2,26.2,132
343,Ashton Dulin,IND,WR,27,15,2,0,0,0,0,0,5,45,9,8,2,67,33.5,0,0,1,19.2,133
344,Luke McCaffrey,WAS,WR,23,17,4,0,0,0,0,0,0,0,,24,18,168,9.33,0,0,0,34.8,134
345,Andrew Ogletree,IND,TE,26,17,6,0,0,0,0,0,0,0,,14,9,109,12.11,0,0,1,25.9,60
346,Drew Sample,CIN,TE,28,17,15,0,0,0,0,0,1,-4,-4,22,20,109,5.45,1,0,1,36.5,61
347,Carson Steele,KAN,RB,22,17,3,0,0,0,0,0,56,183,3.27,11,7,26,3.71,3,2,0,23.9,97
348,Erick All,CIN,TE,24,9,6,0,0,0,0,0,0,0,,22,20,158,7.9,0,0,0,35.8,62
349,Kevin Austin,NOR,WR,24,8,2,0,0,0,0,0,1,9,9,22,11,151,13.73,1,0,0,27,136
350,Michael Mayer,LVR,TE,23,11,8,0,0,0,0,0,0,0,,32,21,156,7.43,0,0,0,36.6,64
351,Eric Saubert,SFO,TE,30,17,3,0,0,0,0,0,0,0,,14,11,97,8.82,1,0,1,26.7,63
352,Dorian Thompson-Robinson,CLE,QB,25,7,2,61,118,440,0,6,21,122,5.81,0,0,0,,3,1,0,15.8,55
353,Alec Ingold,MIA,FB,28,15,10,0,0,0,0,0,10,17,1.7,12,11,96,8.73,2,1,1,26.3,98
354,Lucas Krull,DEN,TE,26,13,2,0,0,0,0,0,0,0,,23,19,152,8,0,0,0,34.2,65
355,Hunter Luepke,DAL,RB,24,16,4,0,0,0,0,0,12,38,3.17,16,12,111,9.25,0,0,0,26.9,99
356,Bo Melton,GNB,WR,25,17,0,0,0,0,0,0,8,54,6.75,17,8,91,11.38,0,0,0,22.5,138
357,Jonathan Mingo,2TM,WR,23,17,6,0,0,0,0,0,2,5,2.5,42,17,167,9.82,1,1,0,32.2,137
358,Mitchell Trubisky,BUF,QB,30,9,0,19,26,179,2,0,17,1,0.06,0,0,0,,1,0,0,15.3,56
359,Tim Boyle,2TM,QB,30,3,0,27,50,276,1,1,3,9,3,0,0,0,,0,0,0,13.9,57
360,Jordan Mims,NOR,RB,25,11,0,0,0,0,0,0,20,70,3.5,18,12,71,5.92,0,0,0,26.1,101
361,Patrick Ricard*+,BAL,FB,30,17,6,0,0,0,0,0,0,0,,5,3,22,7.33,0,0,2,17.2,100
362,Trent Sherfield,MIN,WR,28,17,1,0,0,0,0,0,0,0,,9,8,83,10.38,0,0,1,22.3,139
363,Daniel Bellinger,NYG,TE,24,17,8,0,0,0,0,0,0,0,,17,14,125,8.93,0,0,0,26.5,66
364,Tommy DeVito,NYG,QB,26,3,2,31,44,257,0,0,8,32,4,0,0,0,,0,0,0,13.5,58
365,Jake Haener,NOR,QB,25,8,1,18,39,226,1,1,11,22,2,0,0,0,,0,0,0,13.2,59
366,Trey Lance,DAL,QB,24,4,1,25,41,266,0,1,11,41,3.73,0,0,0,,0,0,0,12.7,60
367,Ronnie Rivers,LAR,RB,25,17,0,0,0,0,0,0,22,99,4.5,6,5,34,6.8,0,0,0,18.3,102
368,Tyrell Shavers,BUF,WR,25,3,0,0,0,0,0,0,0,0,,1,1,69,69,0,0,1,13.9,140
369,Xavier Hutchinson,HOU,WR,24,16,3,0,0,0,0,0,0,0,,26,12,117,9.75,0,0,0,23.7,142
370,Rakim Jarrett,TAM,WR,23,10,2,0,0,0,0,0,0,0,,11,9,124,13.78,0,0,0,21.4,141
371,Tony Jones,ARI,RB,27,1,0,0,0,0,0,0,4,55,13.75,0,0,0,,0,0,1,11.5,104
372,K.J. Osborn,2TM,WR,27,8,4,0,0,0,0,0,0,0,,18,7,57,8.14,0,0,1,18.7,143
373,Will Shipley,PHI,RB,22,16,1,0,0,0,0,0,30,82,2.73,4,4,35,8.75,0,0,0,15.7,103
374,Jermaine Burton,CIN,WR,23,14,1,0,0,0,0,0,0,0,,14,4,107,26.75,0,0,0,14.7,145
375,Julius Chestnut,TEN,RB,24,17,0,0,0,0,0,0,22,102,4.64,3,2,11,5.5,0,0,0,13.3,105
376,Simi Fehoko,LAC,WR,27,8,2,0,0,0,0,0,0,0,,16,6,106,17.67,0,0,0,16.6,147
377,Tay Martin,TEN,WR,27,1,0,0,0,0,0,0,0,0,,2,1,49,49,0,0,1,11.9,144
378,Jeremy Ruckert,NYJ,TE,24,17,9,0,0,0,0,0,0,0,,28,18,105,5.83,0,0,0,28.5,69
379,Ainias Smith,PHI,WR,23,7,1,0,0,0,0,0,2,6,3,9,7,41,5.86,0,0,1,17.7,146
380,Blake Whiteheart,CLE,TE,24,11,2,0,0,0,0,0,0,0,,9,6,51,8.5,0,0,1,17.1,67
381,Kenny Yeboah,NYJ,TE,26,9,1,0,0,0,0,0,0,0,,8,5,47,9.4,0,0,1,15.7,68
382,Connor Heyward,PIT,TE,25,17,5,0,0,0,0,0,0,0,,8,6,40,6.67,0,0,1,16,70
383,Julian Hill,MIA,TE,24,16,11,0,0,0,0,0,0,0,,19,12,100,8.33,1,0,0,22,71
384,Davis Mills,HOU,QB,26,4,0,20,36,212,0,0,3,11,3.67,0,0,0,,0,0,0,9.6,61
385,Quintin Morris,BUF,TE,25,16,3,0,0,0,0,0,0,0,,8,5,36,7.2,0,0,1,14.6,73
386,Bryce Oliver,TEN,WR,24,10,1,0,0,0,0,0,0,0,,9,6,95,15.83,0,0,0,15.5,150
387,MyCole Pruitt,PIT,TE,32,12,5,0,0,0,0,0,0,0,,10,6,40,6.67,0,0,1,16,72
388,Mason Tipton,NOR,WR,24,11,1,0,0,0,0,0,0,0,,26,14,99,7.07,0,0,0,23.9,148
389,Johnny Wilson,PHI,WR,23,16,4,0,0,0,0,0,0,0,,15,5,38,7.6,0,0,1,14.8,149
390,Marquise Brown,KAN,WR,27,2,1,0,0,0,0,0,0,0,,15,9,91,10.11,0,0,0,18.1,151
391,Harrison Bryant,LVR,TE,26,13,3,0,0,0,0,0,0,0,,12,9,86,9.56,0,0,0,17.6,78
392,Parris Campbell,PHI,WR,27,5,0,0,0,0,0,0,0,0,,8,6,30,5,0,0,1,15,153
393,DJ Chark,LAC,WR,28,7,0,0,0,0,0,0,0,0,,10,4,31,7.75,0,0,1,13.1,152
394,Devin Culp,TAM,TE,24,5,0,0,0,0,0,0,0,0,,6,5,88,17.6,0,0,0,13.8,75
395,C.J. Ham,MIN,FB,31,17,3,0,0,0,0,0,2,10,5,6,5,35,7,1,1,1,13.5,107
396,Chris Manhertz,NYG,TE,32,17,11,0,0,0,0,0,0,0,,4,3,30,10,0,0,1,12,74
397,Ben Sinnott,WAS,TE,22,17,2,0,0,0,0,0,0,0,,5,5,28,5.6,0,0,1,13.8,76
398,Brevyn Spann-Ford,DAL,TE,25,17,0,0,0,0,0,0,0,0,,14,9,88,9.78,0,0,0,17.8,77
399,Deuce Vaughn,DAL,RB,23,7,0,0,0,0,0,0,17,70,4.12,5,3,18,6,0,0,0,11.8,106
400,Raheem Blackshear,CAR,RB,25,16,1,0,0,0,0,0,15,80,5.33,0,0,0,,2,0,0,8,108
401,Chris Conley,SFO,WR,32,15,2,0,0,0,0,0,0,0,,12,6,76,12.67,0,0,0,13.6,161
402,Devin Duvernay,JAX,WR,27,13,1,0,0,0,0,0,4,3,0.75,16,11,79,7.18,1,0,0,19.2,156
403,Ryan Flournoy,DAL,WR,25,11,1,0,0,0,0,0,0,0,,14,10,102,10.2,1,1,0,18.2,157
404,Xavier Gipson,NYJ,WR,23,17,0,0,0,0,0,0,1,5,5,10,6,39,6.5,4,1,1,14.4,154
405,Zay Jones,ARI,WR,29,11,2,0,0,0,0,0,0,0,,11,8,84,10.5,0,0,0,16.4,155
406,Jalen Reagor,LAC,WR,25,8,2,0,0,0,0,0,3,-3,-1,12,7,100,14.29,1,1,0,14.7,160
407,Skylar Thompson,MIA,QB,27,3,1,21,33,187,0,0,1,4,4,0,0,0,,2,0,0,7.9,62
408,Devontez Walker,BAL,WR,23,9,0,0,0,0,0,0,0,0,,3,1,21,21,0,0,1,9.1,158
409,Kristian Wilkerson,LVR,WR,27,3,0,0,0,0,0,0,0,0,,3,2,18,9,0,0,1,9.8,159
410,Jeff Wilson,MIA,RB,29,9,0,0,0,0,0,0,16,57,3.56,3,3,19,6.33,0,0,0,10.6,109
411,Jacob Cowing,SFO,WR,23,15,0,0,0,0,0,0,1,7,7,6,4,80,20,2,1,0,10.7,165
412,River Cracraft,MIA,WR,30,8,0,0,0,0,0,0,0,0,,9,7,66,9.43,0,0,0,13.6,166
413,Clyde Edwards-Helaire,NOR,RB,25,2,0,0,0,0,0,0,13,46,3.54,5,3,24,8,0,0,0,10,111
414,Luke Farrell,JAX,TE,27,17,8,0,0,0,0,0,0,0,,17,12,67,5.58,0,0,0,18.7,80
415,Eric Gray,NYG,RB,25,17,0,0,0,0,0,0,14,31,2.21,11,10,82,8.2,3,2,0,17.3,110
416,Hayden Hurst,LAC,TE,31,9,2,0,0,0,0,0,0,0,,13,8,73,9.13,0,0,0,15.3,79
417,E.J. Jenkins,PHI,TE,26,8,0,0,0,0,0,0,0,0,,2,1,7,7,0,0,1,7.7,81
418,Scott Miller,PIT,WR,27,13,1,0,0,0,0,0,0,0,,9,5,69,13.8,0,0,0,11.9,163
419,Brandon Powell,MIN,WR,29,17,1,0,0,0,0,0,0,0,,10,7,71,10.14,1,0,0,14.1,162
420,Ben Skowronek,PIT,WR,27,10,1,0,0,0,0,0,0,0,,5,5,69,13.8,0,0,0,11.9,164
421,Michael Woods II,CLE,WR,24,5,2,0,0,0,0,0,0,0,,17,7,65,9.29,0,0,0,13.5,167
422,Bailey Zappe,CLE,QB,25,1,1,16,31,170,1,2,2,2,1,0,0,0,,0,0,0,7,63
423,Brandon Allen,SFO,QB,32,3,1,17,30,199,1,2,3,4,1.33,0,0,0,,2,1,0,6.4,64
424,Tyler Badie,DEN,RB,24,3,0,0,0,0,0,0,11,86,7.82,3,3,-2,-0.67,1,1,0,9.4,112
425,John Bates,WAS,TE,27,17,6,0,0,0,0,0,0,0,,13,8,84,10.5,1,1,0,14.4,82
426,Odell Beckham Jr.,MIA,WR,32,9,0,0,0,0,0,0,0,0,,18,9,55,6.11,0,0,0,14.5,171
427,Jalin Hyatt,NYG,WR,23,16,3,0,0,0,0,0,0,0,,19,8,62,7.75,0,0,0,14.2,168
428,Hunter Long,LAR,TE,26,17,2,0,0,0,0,0,0,0,,9,7,60,8.57,0,0,0,13,83
429,Keaton Mitchell,BAL,RB,22,5,0,0,0,0,0,0,15,30,2,1,1,28,28,0,0,0,6.8,114
430,Kene Nwangwu,NYJ,RB,26,2,0,0,0,0,0,0,0,0,,0,0,0,,0,0,1,6,113
431,Laviska Shenault Jr.,2TM,WR,26,12,2,0,0,0,0,0,1,1,1,5,5,36,7.2,2,2,1,10.7,170
432,Ihmir Smith-Marsette,NYG,WR,25,15,0,0,0,0,0,0,0,0,,0,0,0,,1,0,1,6,169
433,Mike Boone,CAR,RB,29,6,0,0,0,0,0,0,13,51,3.92,3,1,-2,-2,0,0,0,5.9,116
434,Jonathon Brooks,CAR,RB,21,3,1,0,0,0,0,0,9,22,2.44,3,3,23,7.67,0,0,0,7.5,117
435,Pharaoh Brown,SEA,TE,30,15,7,0,0,0,0,0,0,0,,12,8,65,8.13,1,1,0,12.5,87
436,DeAndre Carter,CHI,WR,31,13,0,0,0,0,0,0,0,0,,14,9,72,8,1,1,0,14.2,172
437,Peyton Hendershot,KAN,TE,25,7,1,0,0,0,0,0,0,0,,5,5,51,10.2,0,0,0,10.1,85
438,Charlie Jones,CIN,WR,26,8,0,0,0,0,0,0,0,0,,1,1,5,5,2,1,1,5.5,175
439,Luke Musgrave,GNB,TE,24,7,3,0,0,0,0,0,0,0,,10,7,45,6.43,0,0,0,11.5,88
440,Nikko Remigio,KAN,WR,25,5,1,0,0,0,0,0,0,0,,6,2,48,24,1,0,0,6.8,173
441,Durham Smythe,MIA,TE,29,17,4,0,0,0,0,0,0,0,,17,9,53,5.89,0,0,0,14.3,84
442,Tyquan Thornton,NWE,WR,24,6,1,0,0,0,0,0,0,0,,8,4,47,11.75,0,0,0,8.7,174
443,Sione Vaki,DET,RB,23,16,0,0,0,0,0,0,6,14,2.33,3,3,37,12.33,0,0,0,8.1,115
444,Carson Wentz,KAN,QB,32,3,1,12,19,118,0,0,3,0,0,0,0,0,,0,0,0,4.7,65
445,Charlie Woerner,ATL,TE,27,16,5,0,0,0,0,0,0,0,,12,7,46,6.57,0,0,0,11.6,86
446,Davis Allen,LAR,TE,23,15,5,0,0,0,0,0,0,0,,13,6,39,6.5,0,0,0,9.9,90
447,Treylon Burks,TEN,WR,24,5,2,0,0,0,0,0,2,1,0.5,8,4,34,8.5,0,0,0,7.5,182
448,Dan Chisena,CAR,WR,27,6,0,0,0,0,0,0,0,0,,4,3,37,12.33,0,0,0,6.7,181
449,D'Wayne Eskridge,MIA,WR,27,6,0,0,0,0,0,0,0,0,,3,3,44,14.67,0,0,0,7.4,176
450,Gerald Everett,CHI,TE,30,17,4,0,0,0,0,0,0,0,,13,8,36,4.5,0,0,0,11.6,93
451,Tucker Fisk,LAC,TE,25,9,5,0,0,0,0,0,0,0,,8,7,39,5.57,0,0,0,10.9,91
452,Tim Jones,JAX,WR,26,17,0,0,0,0,0,0,0,0,,5,3,41,13.67,0,0,0,7.1,179
453,Jacob Kibodi,CLE,RB,26,1,0,0,0,0,0,0,5,24,4.8,3,1,15,15,0,0,0,4.9,119
454,Terrace Marshall Jr.,LVR,WR,24,7,1,0,0,0,0,0,0,0,,6,3,41,13.67,0,0,0,7.1,180
455,Tip Reiman,ARI,TE,23,17,9,0,0,0,0,0,0,0,,7,6,37,6.17,0,0,0,9.7,92
456,Ben Sims,GNB,TE,24,17,5,0,0,0,0,0,0,0,,5,4,42,10.5,0,0,0,8.2,89
457,Xavier Smith,LAR,WR,27,15,0,0,0,0,0,0,4,36,9,2,2,6,3,0,0,0,6.2,178
458,J.J. Taylor,HOU,RB,26,5,0,0,0,0,0,0,10,44,4.4,3,2,0,0,0,0,0,6.4,118
459,Cody White,SEA,WR,26,4,0,0,0,0,0,0,0,0,,3,2,44,22,0,0,0,6.4,177
460,Rasheen Ali,BAL,RB,23,6,0,0,0,0,0,0,10,31,3.1,2,0,0,,0,0,0,3.1,124
461,Alex Bachman,LVR,WR,28,6,1,0,0,0,0,0,0,0,,3,3,31,10.33,0,0,0,6.1,184
462,David Bell,CLE,WR,24,1,0,0,0,0,0,0,0,0,,3,3,27,9,0,0,0,5.7,186
463,Dalvin Cook,DAL,RB,29,2,0,0,0,0,0,0,8,20,2.5,1,1,10,10,0,0,0,4,125
464,Britain Covey,PHI,WR,27,5,1,0,0,0,0,0,0,0,,8,7,34,4.86,0,0,0,10.4,183
465,Greg Dulcich,2TM,TE,24,9,3,0,0,0,0,0,0,0,,12,5,28,5.6,0,0,0,7.8,95
466,Cam Grandy,CIN,TE,24,8,6,0,0,0,0,0,0,0,,5,5,28,5.6,0,0,0,7.8,96
467,Taylor Heinicke,LAC,QB,31,4,0,3,5,28,0,0,2,20,10,0,0,0,,0,0,0,3.1,66
468,Travis Homer,CHI,RB,26,10,0,0,0,0,0,0,6,23,3.83,3,3,11,3.67,0,0,0,6.4,120
469,Hendon Hooker,DET,QB,26,3,0,6,9,62,0,0,5,2,0.4,0,0,0,,0,0,0,2.7,67
470,Jermar Jefferson,DET,RB,24,2,0,0,0,0,0,0,6,22,3.67,1,1,10,10,0,0,0,4.2,122
471,Terrell Jennings,NWE,RB,23,3,0,0,0,0,0,0,13,33,2.54,1,0,0,,0,0,0,3.3,121
472,Will Mallory,IND,TE,25,10,0,0,0,0,0,0,0,0,,8,4,29,7.25,0,0,0,6.9,94
473,Jase McClellan,ATL,RB,22,2,0,0,0,0,0,0,13,32,2.46,0,0,0,,0,0,0,3.2,123
474,Allen Robinson,DET,WR,31,12,0,0,0,0,0,0,0,0,,7,3,30,10,0,0,0,6,185
475,Deven Thompkins,CAR,WR,25,7,0,0,0,0,0,0,2,7,3.5,4,4,20,5,0,0,0,6.7,187
476,Jaheim Bell,NWE,TE,23,15,0,0,0,0,0,0,0,0,,3,2,20,10,0,0,0,4,99
477,Ronnie Bell,SFO,WR,24,9,0,0,0,0,0,0,0,0,,6,2,22,11,0,0,0,4.2,189
478,Chris Blair,ATL,WR,27,4,0,0,0,0,0,0,0,0,,2,1,17,17,0,0,0,2.7,193
479,Tanner Conner,MIA,TE,26,8,1,0,0,0,0,0,0,0,,4,3,16,5.33,0,0,0,4.6,100
480,Malachi Corley,NYJ,WR,22,9,1,0,0,0,0,0,2,26,13,6,3,16,5.33,1,1,0,5.2,190
481,Anthony Gould,IND,WR,23,8,0,0,0,0,0,0,0,0,,1,1,23,23,0,0,0,3.3,188
482,Dallin Holker,NOR,TE,24,12,2,0,0,0,0,0,0,0,,4,3,21,7,0,0,0,5.1,98
483,Trenton Irwin,CIN,WR,29,7,2,0,0,0,0,0,0,0,,10,3,15,5,0,0,0,4.5,196
484,Mason Kinsey,TEN,WR,26,6,0,0,0,0,0,0,0,0,,2,2,17,8.5,0,0,0,3.7,194
485,MarShawn Lloyd,GNB,RB,23,1,0,0,0,0,0,0,6,15,2.5,1,1,3,3,0,0,0,2.8,128
486,Anthony Miller,BAL,WR,30,2,0,0,0,0,0,0,0,0,,1,1,16,16,0,0,0,2.6,195
487,Aaron Shampklin,PIT,RB,25,3,0,0,0,0,0,0,6,17,2.83,0,0,0,,0,0,0,1.7,129
488,Jamari Thrash,CLE,WR,24,9,0,0,0,0,0,0,0,0,,7,3,22,7.33,0,0,0,5.2,191
489,Austin Trammell,JAX,WR,26,1,0,0,0,0,0,0,0,0,,3,2,40,20,1,1,0,4,192
490,Jonathan Ward,PIT,RB,27,4,0,0,0,0,0,0,5,22,4.4,0,0,0,,0,0,0,2.2,127
491,Blake Watson,DEN,RB,25,2,0,0,0,0,0,0,4,10,2.5,2,1,13,13,0,0,0,3.3,126
492,Shane Zylstra,DET,TE,28,12,1,0,0,0,0,0,0,0,,1,1,22,22,0,0,0,3.2,97
493,Kyle Allen,PIT,QB,28,1,0,1,1,19,0,0,0,0,,0,0,0,,0,0,0,0.8,71
494,Robbie Chosen,MIA,WR,31,2,0,0,0,0,0,0,0,0,,4,1,5,5,0,0,0,1.5,211
495,Javon Baker,NWE,WR,22,11,1,0,0,0,0,0,0,0,,4,1,12,12,0,0,0,2.2,198
496,Chris Collier,2TM,RB,24,8,0,0,0,0,0,0,5,12,2.4,2,1,-4,-4,0,0,0,1.8,133
497,Jaelon Darden,2TM,WR,25,12,1,0,0,0,0,0,0,0,,1,1,6,6,0,0,0,1.6,207
498,Tyrion Davis-Price,PHI,RB,24,1,0,0,0,0,0,0,3,7,2.33,0,0,0,,0,0,0,0.7,134
499,Zach Davidson,BUF,TE,26,2,0,0,0,0,0,0,0,0,,2,1,5,5,0,0,0,1.5,111
